EMA;DATA;TM;TX;Data Extrem TX;TN;Data Extrem TN;HRM;HRX;Data Extrem HRX;HRN;Data Extrem HRN;PM;PX;Data Extrem PX;PN;Data Extrem PN;PPT;RS24h;VVM10;DVM10;VVX10;Data Extrem VVX10;DVVX10;Data Extrem DVVX10
X4;01/01/2022;12,4;18;2022-01-01 14:46:00;8,5;2022-01-01 07:27:00;77;100;2022-01-01 23:30:00;52;2022-01-01 09:56:00;1022,9;1024;2022-01-01 23:38:00;1021,5;2022-01-01 14:44:00;0;9,2;1,4;257;4,6;2022-01-01 10:29:00;261;2022-01-01 10:29:00
X4;02/01/2022;12,4;15,8;2022-01-02 13:49:00;9,6;2022-01-02 03:45:00;83;100;2022-01-02 03:00:00;54;2022-01-02 09:48:00;1023,9;1025,1;2022-01-02 09:47:00;1022,7;2022-01-02 14:30:00;0;8,7;1,2;227;5,8;2022-01-02 10:24:00;256;2022-01-02 10:24:00
X4;03/01/2022;11,8;15,8;2022-01-03 14:06:00;8,4;2022-01-03 07:09:00;80;100;2022-01-03 02:30:00;54;2022-01-03 10:21:00;1019,6;1024,5;2022-01-03 00:03:00;1013,5;2022-01-03 23:58:00;0;7,9;1,8;248;6,1;2022-01-03 16:07:00;256;2022-01-03 16:07:00
X4;04/01/2022;14,6;20,8;2022-01-04 14:33:00;11,1;2022-01-04 05:30:00;70;98;2022-01-04 23:00:00;45;2022-01-04 11:34:00;1006,5;1013,5;2022-01-04 00:00:00;1000,3;2022-01-04 23:36:00;0;9;2,1;264;6,4;2022-01-04 00:53:00;260;2022-01-04 00:53:00
X4;05/01/2022;11,2;14,1;2022-01-05 13:45:00;8,6;2022-01-05 23:35:00;68;99;2022-01-05 06:10:00;42;2022-01-05 13:47:00;1005,9;1010,3;2022-01-05 23:30:00;1000,4;2022-01-05 00:41:00;7;4,9;2,1;331;9,8;2022-01-05 01:24:00;86;2022-01-05 01:24:00
X4;06/01/2022;8,7;13,1;2022-01-06 15:05:00;6;2022-01-06 08:05:00;39;55;2022-01-06 01:08:00;25;2022-01-06 15:01:00;1013,1;1017;2022-01-06 23:51:00;1009,8;2022-01-06 00:38:00;0;10;1,7;298;7,4;2022-01-06 12:58:00;329;2022-01-06 12:58:00
X4;07/01/2022;9,1;13,3;2022-01-07 13:55:00;5,7;2022-01-07 07:24:00;44;52;2022-01-07 23:28:00;29;2022-01-07 12:31:00;1019;1020,7;2022-01-07 23:32:00;1016,9;2022-01-07 00:44:00;0;9,7;1,4;263;6;2022-01-07 21:31:00;280;2022-01-07 21:31:00
X4;08/01/2022;10,5;14,4;2022-01-08 15:03:00;8,3;2022-01-08 08:39:00;51;65;2022-01-08 16:31:00;40;2022-01-08 23:56:00;1017,1;1020,5;2022-01-08 09:53:00;1011,3;2022-01-08 23:59:00;0;6,1;2,2;279;12,4;2022-01-08 07:19:00;328;2022-01-08 07:19:00
X4;09/01/2022;12,6;15,9;2022-01-09 15:02:00;10,2;2022-01-09 07:34:00;54;70;2022-01-09 23:59:00;40;2022-01-09 00:30:00;1009,2;1011,6;2022-01-09 00:30:00;1006,9;2022-01-09 23:59:00;0;8,7;3,2;315;16;2022-01-09 11:00:00;292;2022-01-09 11:00:00
X4;10/01/2022;11,1;12,3;2022-01-10 02:32:00;9,7;2022-01-10 13:36:00;77;99;2022-01-10 13:32:00;70;2022-01-10 00:02:00;1011,1;1017;2022-01-10 23:47:00;1006,3;2022-01-10 04:43:00;0;0,7;1,6;54;7,5;2022-01-10 11:25:00;88;2022-01-10 11:25:00
X4;11/01/2022;12;16,8;2022-01-11 14:02:00;8,6;2022-01-11 06:00:00;72;87;2022-01-11 05:13:00;31;2022-01-11 13:48:00;1019,2;1022,8;2022-01-11 23:23:00;1016,8;2022-01-11 00:52:00;0;9,8;1,1;126;6,7;2022-01-11 22:27:00;147;2022-01-11 22:27:00
X4;12/01/2022;10,8;12,8;2022-01-12 13:16:00;8,3;2022-01-12 23:47:00;60;70;2022-01-12 07:30:00;49;2022-01-12 15:03:00;1025,8;1029,4;2022-01-12 23:58:00;1022,5;2022-01-12 00:08:00;0;8,5;1,5;67;5,4;2022-01-12 14:02:00;105;2022-01-12 14:02:00
X4;13/01/2022;9,4;12,7;2022-01-13 13:12:00;6,5;2022-01-13 05:02:00;59;75;2022-01-13 05:04:00;40;2022-01-13 15:05:00;1030,3;1031,8;2022-01-13 19:00:00;1029,1;2022-01-13 00:50:00;0;10;1;59;3,9;2022-01-13 20:51:00;351;2022-01-13 20:51:00
X4;14/01/2022;10,1;13,6;2022-01-14 13:33:00;6,6;2022-01-14 04:38:00;52;70;2022-01-14 20:19:00;33;2022-01-14 10:40:00;1029,1;1031,4;2022-01-14 02:30:00;1025,8;2022-01-14 23:59:00;0;8,9;1;3;4,2;2022-01-14 14:14:00;125;2022-01-14 14:14:00
X4;15/01/2022;9,9;14,9;2022-01-15 13:47:00;7,2;2022-01-15 07:22:00;39;66;2022-01-15 00:00:00;23;2022-01-15 13:42:00;1023,1;1026;2022-01-15 00:00:00;1021,1;2022-01-15 14:16:00;0;10,5;2,4;276;9,3;2022-01-15 08:00:00;287;2022-01-15 08:00:00
X4;16/01/2022;9,6;13,7;2022-01-16 13:38:00;5,6;2022-01-16 06:34:00;42;54;2022-01-16 07:17:00;27;2022-01-16 12:31:00;1025,1;1027,7;2022-01-16 23:30:00;1021,7;2022-01-16 00:40:00;0;10,4;0,8;198;3,6;2022-01-16 21:38:00;310;2022-01-16 21:38:00
X4;17/01/2022;10,7;16,9;2022-01-17 14:06:00;6,7;2022-01-17 04:10:00;36;54;2022-01-17 17:08:00;17;2022-01-17 14:08:00;1027,2;1029,8;2022-01-17 10:16:00;1026;2022-01-17 23:58:00;0;10,6;1,4;267;6,6;2022-01-17 18:18:00;308;2022-01-17 18:18:00
X4;18/01/2022;10,1;12,9;2022-01-18 12:02:00;7,2;2022-01-18 06:50:00;58;75;2022-01-18 21:32:00;33;2022-01-18 10:14:00;1026,9;1029,2;2022-01-18 22:34:00;1025,1;2022-01-18 04:35:00;0;9,3;1,4;42;6,4;2022-01-18 15:15:00;85;2022-01-18 15:15:00
X4;19/01/2022;10,1;12,9;2022-01-19 13:55:00;7,6;2022-01-19 07:07:00;69;77;2022-01-19 07:02:00;55;2022-01-19 13:55:00;1027;1029,1;2022-01-19 10:00:00;1025,1;2022-01-19 23:57:00;0;7,1;1;7;4,3;2022-01-19 15:35:00;207;2022-01-19 15:35:00
X4;20/01/2022;10,4;14,1;2022-01-20 13:39:00;7,5;2022-01-20 06:30:00;60;76;2022-01-20 01:27:00;44;2022-01-20 12:30:00;1022,7;1025,3;2022-01-20 00:00:00;1020,4;2022-01-20 23:59:00;0;9,9;1,3;291;5,1;2022-01-20 22:25:00;338;2022-01-20 22:25:00
X4;21/01/2022;9,2;12,3;2022-01-21 13:30:00;7,6;2022-01-21 03:12:00;57;66;2022-01-21 05:15:00;47;2022-01-21 15:09:00;1022;1025,8;2022-01-21 23:58:00;1019,4;2022-01-21 04:00:00;0;6,5;1,5;354;6,7;2022-01-21 11:34:00;357;2022-01-21 11:34:00
X4;22/01/2022;8,9;13,2;2022-01-22 15:07:00;5,6;2022-01-22 08:00:00;45;55;2022-01-22 00:00:00;32;2022-01-22 13:03:00;1025,9;1027,6;2022-01-22 10:23:00;1024,4;2022-01-22 15:09:00;0;10,7;1,4;290;6,7;2022-01-22 12:02:00;312;2022-01-22 12:02:00
X4;23/01/2022;9,3;12,5;2022-01-23 11:17:00;5,8;2022-01-23 07:15:00;59;74;2022-01-23 22:06:00;45;2022-01-23 10:18:00;1025,2;1026,7;2022-01-23 09:30:00;1023,7;2022-01-23 15:12:00;0;10,8;0,9;296;5,1;2022-01-23 14:36:00;220;2022-01-23 14:36:00
X4;24/01/2022;9,6;13,9;2022-01-24 12:39:00;6,3;2022-01-24 05:30:00;69;81;2022-01-24 23:40:00;53;2022-01-24 11:40:00;1026,1;1028,5;2022-01-24 23:30:00;1024,4;2022-01-24 03:44:00;0;8,4;0,8;116;4,4;2022-01-24 14:42:00;136;2022-01-24 14:42:00
X4;25/01/2022;9,9;13,6;2022-01-25 13:20:00;6,3;2022-01-25 05:53:00;71;87;2022-01-25 23:22:00;52;2022-01-25 09:29:00;1028,8;1030,1;2022-01-25 10:30:00;1027,9;2022-01-25 14:33:00;0;10,8;0,9;151;4,7;2022-01-25 13:24:00;164;2022-01-25 13:24:00
X4;26/01/2022;10,9;15,1;2022-01-26 14:43:00;6,4;2022-01-26 06:16:00;59;85;2022-01-26 01:31:00;32;2022-01-26 22:15:00;1026,2;1028,3;2022-01-26 00:00:00;1024,5;2022-01-26 23:59:00;0;11,3;1,3;242;5,4;2022-01-26 16:15:00;251;2022-01-26 16:15:00
X4;27/01/2022;10,9;15;2022-01-27 10:15:00;6,6;2022-01-27 06:25:00;61;87;2022-01-27 20:51:00;29;2022-01-27 10:31:00;1025;1026,3;2022-01-27 10:39:00;1024,1;2022-01-27 04:24:00;0;11,4;0,9;98;4,7;2022-01-27 13:31:00;121;2022-01-27 13:31:00
X4;28/01/2022;12,5;19,7;2022-01-28 14:20:00;6,9;2022-01-28 05:49:00;41;70;2022-01-28 00:47:00;19;2022-01-28 14:21:00;1025,7;1027,3;2022-01-28 23:00:00;1024,2;2022-01-28 14:35:00;0;11,8;0,8;194;6,4;2022-01-28 15:02:00;323;2022-01-28 15:02:00
X4;29/01/2022;12,5;17;2022-01-29 15:19:00;8,7;2022-01-29 05:02:00;46;66;2022-01-29 20:00:00;27;2022-01-29 12:37:00;1027,6;1029,5;2022-01-29 10:30:00;1026,5;2022-01-29 01:06:00;0;11,6;1;172;4,3;2022-01-29 15:35:00;260;2022-01-29 15:35:00
X4;30/01/2022;13;18,9;2022-01-30 13:40:00;7,4;2022-01-30 07:03:00;41;61;2022-01-30 00:01:00;25;2022-01-30 20:09:00;1022,2;1027;2022-01-30 00:00:00;1018,3;2022-01-30 23:57:00;0;11,8;1,6;270;10,2;2022-01-30 21:39:00;320;2022-01-30 21:39:00
X4;31/01/2022;12,3;14,8;2022-01-31 11:11:00;8,9;2022-01-31 06:14:00;59;82;2022-01-31 22:25:00;33;2022-01-31 00:55:00;1016,9;1018,8;2022-01-31 09:06:00;1015,1;2022-01-31 19:11:00;0;10,1;1,2;88;5,7;2022-01-31 11:17:00;6;2022-01-31 11:17:00
X4;01/02/2022;12,7;17;2022-02-01 13:07:00;9,1;2022-02-01 07:17:00;50;91;2022-02-01 02:30:00;29;2022-02-01 13:08:00;1019,3;1021,1;2022-02-01 23:00:00;1016,6;2022-02-01 00:03:00;0;12,1;1,7;276;7,9;2022-02-01 09:51:00;309;2022-02-01 09:51:00
X4;02/02/2022;13;17,8;2022-02-02 13:04:00;10,7;2022-02-02 03:53:00;59;78;2022-02-02 17:40:00;43;2022-02-02 09:14:00;1019,5;1021,6;2022-02-02 10:30:00;1018,3;2022-02-02 05:29:00;0;12,4;1,5;151;7,2;2022-02-02 03:27:00;229;2022-02-02 03:27:00
X4;03/02/2022;12,7;17,1;2022-02-03 12:53:00;8,8;2022-02-03 06:30:00;70;97;2022-02-03 20:18:00;48;2022-02-03 12:55:00;1016,5;1018,7;2022-02-03 00:01:00;1013,8;2022-02-03 16:51:00;0;12,2;1,3;98;6,9;2022-02-03 14:48:00;251;2022-02-03 14:48:00
X4;04/02/2022;12,9;15,1;2022-02-04 11:41:00;10,3;2022-02-04 06:26:00;75;95;2022-02-04 21:30:00;57;2022-02-04 09:10:00;1016,8;1019,1;2022-02-04 23:30:00;1015,4;2022-02-04 13:42:00;0;6,8;1,2;220;6,6;2022-02-04 13:50:00;227;2022-02-04 13:50:00
X4;05/02/2022;12,9;15,3;2022-02-05 13:42:00;11;2022-02-05 06:50:00;77;92;2022-02-05 00:30:00;65;2022-02-05 14:41:00;1020,6;1023,4;2022-02-05 23:34:00;1018,5;2022-02-05 03:03:00;0;6,1;1,1;53;4,4;2022-02-05 13:55:00;134;2022-02-05 13:55:00
X4;06/02/2022;12,2;15,9;2022-02-06 13:23:00;9,3;2022-02-06 07:33:00;53;86;2022-02-06 02:13:00;34;2022-02-06 12:23:00;1023,5;1025,2;2022-02-06 10:30:00;1022,1;2022-02-06 15:31:00;0;11,4;2,3;311;7,8;2022-02-06 09:32:00;343;2022-02-06 09:32:00
X4;07/02/2022;12,7;18,7;2022-02-07 14:08:00;8,4;2022-02-07 06:33:00;48;65;2022-02-07 21:30:00;30;2022-02-07 14:08:00;1022,7;1026;2022-02-07 23:52:00;1020,7;2022-02-07 14:08:00;0;13,1;1,6;266;10,9;2022-02-07 08:47:00;319;2022-02-07 08:47:00
X4;08/02/2022;12,6;16,1;2022-02-08 13:06:00;10;2022-02-08 04:00:00;68;85;2022-02-08 22:31:00;56;2022-02-08 12:08:00;1028,1;1029,7;2022-02-08 11:00:00;1025,7;2022-02-08 00:17:00;0;11,4;1,5;242;7,4;2022-02-08 14:45:00;205;2022-02-08 14:45:00
X4;09/02/2022;12,4;15,8;2022-02-09 14:07:00;10;2022-02-09 23:55:00;69;83;2022-02-09 05:01:00;53;2022-02-09 14:15:00;1027,8;1029,4;2022-02-09 10:30:00;1026,2;2022-02-09 23:59:00;0;13,4;1,6;256;6,7;2022-02-09 16:57:00;238;2022-02-09 16:57:00
X4;10/02/2022;11,8;15,5;2022-02-10 13:15:00;9,3;2022-02-10 06:18:00;70;79;2022-02-10 21:05:00;57;2022-02-10 13:15:00;1024,1;1026,4;2022-02-10 00:00:00;1021,8;2022-02-10 23:56:00;0;12,2;1,2;225;6,6;2022-02-10 14:31:00;193;2022-02-10 14:31:00
X4;11/02/2022;12,5;16,7;2022-02-11 11:04:00;8,5;2022-02-11 06:00:00;65;80;2022-02-11 00:44:00;47;2022-02-11 11:04:00;1022,3;1023,5;2022-02-11 10:34:00;1021,1;2022-02-11 02:42:00;0;11,5;1;170;5,6;2022-02-11 15:10:00;203;2022-02-11 15:10:00
X4;12/02/2022;12,2;13,2;2022-02-12 00:47:00;11,3;2022-02-12 13:06:00;70;79;2022-02-12 23:46:00;61;2022-02-12 16:23:00;1022,1;1023,9;2022-02-12 11:01:00;1021,2;2022-02-12 16:39:00;0,2;3;1,5;88;5,3;2022-02-12 10:22:00;110;2022-02-12 10:22:00
X4;13/02/2022;13,3;16,3;2022-02-13 13:50:00;11,4;2022-02-13 01:17:00;76;86;2022-02-13 05:00:00;55;2022-02-13 14:30:00;1017,1;1021,6;2022-02-13 00:00:00;1012,1;2022-02-13 23:58:00;0,5;8,4;2,4;227;10,8;2022-02-13 13:10:00;254;2022-02-13 13:10:00
X4;14/02/2022;13,9;17,6;2022-02-14 14:21:00;11;2022-02-14 23:54:00;64;99;2022-02-14 05:00:00;28;2022-02-14 15:04:00;1010,2;1014,1;2022-02-14 23:30:00;1008;2022-02-14 14:43:00;0;11,4;2,5;270;11,3;2022-02-14 12:02:00;297;2022-02-14 12:02:00
X4;15/02/2022;12,6;18,2;2022-02-15 14:37:00;8,3;2022-02-15 06:56:00;49;70;2022-02-15 20:30:00;23;2022-02-15 15:03:00;1017,7;1020,4;2022-02-15 21:32:00;1013,8;2022-02-15 00:00:00;0;14;2,1;316;10,7;2022-02-15 06:42:00;335;2022-02-15 06:42:00
X4;16/02/2022;13;17,1;2022-02-16 14:37:00;10,3;2022-02-16 05:30:00;54;79;2022-02-16 20:14:00;39;2022-02-16 14:37:00;1018,4;1020,1;2022-02-16 10:00:00;1016,5;2022-02-16 16:31:00;0;10,2;1,8;312;9,5;2022-02-16 10:07:00;308;2022-02-16 10:07:00
X4;17/02/2022;15,6;20,4;2022-02-17 13:01:00;11,8;2022-02-17 04:15:00;59;80;2022-02-17 22:01:00;41;2022-02-17 12:41:00;1018,3;1020,5;2022-02-17 10:30:00;1016,9;2022-02-17 03:30:00;0;14,7;1,8;316;9;2022-02-17 09:33:00;322;2022-02-17 09:33:00
X4;18/02/2022;14,5;19,3;2022-02-18 11:36:00;10,7;2022-02-18 06:55:00;72;96;2022-02-18 22:00:00;45;2022-02-18 16:01:00;1013,5;1018,2;2022-02-18 00:00:00;1009,8;2022-02-18 16:35:00;0;15;2,2;248;8,9;2022-02-18 14:35:00;252;2022-02-18 14:35:00
X4;19/02/2022;12,4;14,2;2022-02-19 11:17:00;10,4;2022-02-19 23:59:00;70;95;2022-02-19 01:41:00;51;2022-02-19 13:10:00;1017,1;1021,6;2022-02-19 23:58:00;1013,5;2022-02-19 03:44:00;0,1;1,9;1,4;330;6;2022-02-19 18:19:00;315;2022-02-19 18:19:00
X4;20/02/2022;12,2;17,2;2022-02-20 13:08:00;8,2;2022-02-20 06:43:00;54;70;2022-02-20 00:19:00;32;2022-02-20 12:38:00;1022,5;1024,8;2022-02-20 10:09:00;1021,1;2022-02-20 17:00:00;0;15,5;2;281;7,3;2022-02-20 01:24:00;314;2022-02-20 01:24:00
X4;21/02/2022;14,2;20,9;2022-02-21 16:30:00;9,7;2022-02-21 06:55:00;56;78;2022-02-21 18:47:00;33;2022-02-21 16:30:00;1018,8;1021,6;2022-02-21 23:59:00;1014,4;2022-02-21 16:11:00;0;15,6;2,1;330;9,8;2022-02-21 11:11:00;316;2022-02-21 11:11:00
X4;22/02/2022;13;17,5;2022-02-22 11:21:00;10,2;2022-02-22 06:23:00;55;73;2022-02-22 20:51:00;28;2022-02-22 11:29:00;1022,6;1023,9;2022-02-22 08:00:00;1021,5;2022-02-22 17:37:00;0;15,7;2,1;269;10,4;2022-02-22 05:06:00;311;2022-02-22 05:06:00
X4;23/02/2022;13,4;17,9;2022-02-23 12:03:00;10,5;2022-02-23 06:15:00;67;80;2022-02-23 05:07:00;39;2022-02-23 12:58:00;1021,6;1023,9;2022-02-23 09:06:00;1019,1;2022-02-23 23:57:00;0;15,2;2;269;8;2022-02-23 15:01:00;231;2022-02-23 15:01:00
X4;24/02/2022;14,1;17,8;2022-02-24 12:35:00;11,8;2022-02-24 06:39:00;71;88;2022-02-24 23:21:00;38;2022-02-24 12:03:00;1018,4;1020,6;2022-02-24 23:16:00;1016,5;2022-02-24 14:21:00;0;13,5;1,6;205;8,9;2022-02-24 13:03:00;209;2022-02-24 13:03:00
X4;25/02/2022;13;14,9;2022-02-25 12:10:00;11,6;2022-02-25 03:42:00;70;82;2022-02-25 03:00:00;54;2022-02-25 10:28:00;1021,1;1022,7;2022-02-25 10:30:00;1019,7;2022-02-25 05:38:00;0;6,7;1,4;216;6,2;2022-02-25 16:34:00;194;2022-02-25 16:34:00
X4;26/02/2022;11,5;12,7;2022-02-26 00:33:00;10,3;2022-02-26 05:39:00;60;96;2022-02-26 05:08:00;33;2022-02-26 11:04:00;1021,7;1023,2;2022-02-26 10:10:00;1020,7;2022-02-26 17:10:00;2,1;5,7;1,7;107;7,5;2022-02-26 09:42:00;73;2022-02-26 09:42:00
X4;27/02/2022;11,9;15;2022-02-27 12:31:00;8,5;2022-02-27 04:52:00;56;71;2022-02-27 06:43:00;44;2022-02-27 13:44:00;1020,5;1022,5;2022-02-27 23:56:00;1019,1;2022-02-27 16:01:00;0;16;1,4;178;6,6;2022-02-27 14:48:00;205;2022-02-27 14:48:00
X4;28/02/2022;12,7;15,1;2022-02-28 14:13:00;11,5;2022-02-28 05:00:00;61;69;2022-02-28 23:58:00;54;2022-02-28 13:25:00;1023;1025,1;2022-02-28 11:06:00;1021,7;2022-02-28 23:57:00;0;12,2;1,9;227;7,2;2022-02-28 16:57:00;192;2022-02-28 16:57:00
X4;01/03/2022;12,8;15,5;2022-03-01 13:41:00;10,5;2022-03-01 06:30:00;66;78;2022-03-01 23:59:00;51;2022-03-01 10:35:00;1022,2;1023,9;2022-03-01 11:30:00;1020,8;2022-03-01 03:12:00;0;16,6;1,7;88;7,4;2022-03-01 11:42:00;86;2022-03-01 11:42:00
X4;02/03/2022;12,5;14,5;2022-03-02 15:00:00;10,5;2022-03-02 05:00:00;79;96;2022-03-02 19:57:00;70;2022-03-02 13:52:00;1017,8;1021,9;2022-03-02 00:23:00;1014,9;2022-03-02 19:10:00;0,6;3,5;1,3;204;6,5;2022-03-02 17:15:00;231;2022-03-02 17:15:00
X4;03/03/2022;13,6;17,5;2022-03-03 12:11:00;10,7;2022-03-03 06:38:00;66;82;2022-03-03 02:07:00;43;2022-03-03 14:32:00;1012,1;1015,5;2022-03-03 00:02:00;1009,4;2022-03-03 16:26:00;0;16,8;2,1;254;8,7;2022-03-03 13:53:00;231;2022-03-03 13:53:00
X4;04/03/2022;13,4;16,8;2022-03-04 11:44:00;10,6;2022-03-04 05:39:00;66;81;2022-03-04 19:27:00;47;2022-03-04 11:46:00;1010,6;1012,2;2022-03-04 23:00:00;1009,3;2022-03-04 03:38:00;0;9,9;1,4;87;6,8;2022-03-04 15:00:00;214;2022-03-04 15:00:00
X4;05/03/2022;13,5;16,8;2022-03-05 12:58:00;11,5;2022-03-05 06:30:00;48;65;2022-03-05 23:55:00;38;2022-03-05 10:37:00;1011,8;1012,9;2022-03-05 09:17:00;1010,8;2022-03-05 16:09:00;0;14,3;1,9;256;8,1;2022-03-05 13:37:00;215;2022-03-05 13:37:00
X4;06/03/2022;10,9;12,4;2022-03-06 14:05:00;9,5;2022-03-06 07:37:00;72;98;2022-03-06 03:00:00;49;2022-03-06 13:27:00;1012,4;1013,6;2022-03-06 22:30:00;1011,2;2022-03-06 04:34:00;8,3;4,8;1,2;89;4,6;2022-03-06 01:39:00;50;2022-03-06 01:39:00
X4;07/03/2022;11,6;13,4;2022-03-07 13:50:00;10,5;2022-03-07 05:54:00;62;70;2022-03-07 06:34:00;51;2022-03-07 09:31:00;1013,3;1014,7;2022-03-07 22:53:00;1012,3;2022-03-07 05:12:00;0;10,1;1,7;103;7;2022-03-07 09:21:00;75;2022-03-07 09:21:00
X4;08/03/2022;11,1;12,4;2022-03-08 09:43:00;9,5;2022-03-08 06:15:00;73;92;2022-03-08 13:20:00;61;2022-03-08 07:44:00;1014,8;1017,2;2022-03-08 23:58:00;1013,3;2022-03-08 04:44:00;1,8;5;1;236;4,6;2022-03-08 15:42:00;223;2022-03-08 15:42:00
X4;09/03/2022;11,8;14,7;2022-03-09 14:12:00;10,1;2022-03-09 04:30:00;78;99;2022-03-09 10:45:00;62;2022-03-09 14:18:00;1018,9;1020,6;2022-03-09 11:00:00;1016,9;2022-03-09 03:02:00;4,8;11,3;1,3;79;5,6;2022-03-09 15:55:00;167;2022-03-09 15:55:00
X4;10/03/2022;12,8;15,5;2022-03-10 13:30:00;10,7;2022-03-10 03:16:00;78;92;2022-03-10 08:10:00;64;2022-03-10 13:56:00;1018,4;1020,1;2022-03-10 00:00:00;1015,7;2022-03-10 23:38:00;0,3;9,3;1,6;207;8,2;2022-03-10 12:05:00;216;2022-03-10 12:05:00
X4;11/03/2022;12,8;14,9;2022-03-11 10:56:00;11,7;2022-03-11 05:10:00;80;100;2022-03-11 23:59:00;63;2022-03-11 15:10:00;1013,6;1016;2022-03-11 00:33:00;1011,2;2022-03-11 23:59:00;2,6;7,1;1,4;127;5,7;2022-03-11 11:11:00;153;2022-03-11 11:11:00
X4;12/03/2022;12,4;13,5;2022-03-12 14:48:00;11,1;2022-03-12 08:23:00;92;100;2022-03-12 12:00:00;75;2022-03-12 20:34:00;1009,1;1011,4;2022-03-12 00:13:00;1007,5;2022-03-12 13:49:00;45,2;4,1;1,8;43;8,5;2022-03-12 15:47:00;352;2022-03-12 15:47:00
X4;13/03/2022;13;17,5;2022-03-13 13:12:00;10,5;2022-03-13 03:02:00;78;93;2022-03-13 05:00:00;47;2022-03-13 15:57:00;1011,4;1017,1;2022-03-13 23:18:00;1008,5;2022-03-13 05:18:00;0,9;10,5;1,5;59;10,3;2022-03-13 19:48:00;71;2022-03-13 19:48:00
X4;14/03/2022;13,5;14,6;2022-03-14 23:33:00;11,7;2022-03-14 06:04:00;76;86;2022-03-14 10:12:00;53;2022-03-14 03:25:00;1017,5;1020;2022-03-14 23:39:00;1015,7;2022-03-14 02:53:00;0,2;3,9;5;73;14,7;2022-03-14 16:46:00;68;2022-03-14 16:46:00
X4;15/03/2022;14,3;15;2022-03-15 11:16:00;13,5;2022-03-15 07:00:00;86;97;2022-03-15 07:00:00;81;2022-03-15 23:50:00;1020,2;1022,4;2022-03-15 10:34:00;1018,4;2022-03-15 04:02:00;0;5,1;5,1;72;13,6;2022-03-15 12:20:00;79;2022-03-15 12:20:00
X4;16/03/2022;14,3;15,6;2022-03-16 23:58:00;13,6;2022-03-16 08:00:00;77;93;2022-03-16 02:01:00;56;2022-03-16 23:59:00;1015,6;1019,3;2022-03-16 00:00:00;1012,6;2022-03-16 16:47:00;0;5,1;4,7;74;12,4;2022-03-16 12:48:00;61;2022-03-16 12:48:00
X4;17/03/2022;14,7;16,5;2022-03-17 14:12:00;13,5;2022-03-17 02:00:00;68;80;2022-03-17 05:00:00;51;2022-03-17 22:19:00;1016,6;1019,2;2022-03-17 22:33:00;1014,1;2022-03-17 02:34:00;0;6,3;4,1;75;12,5;2022-03-17 01:02:00;100;2022-03-17 01:02:00
X4;18/03/2022;15;16,5;2022-03-18 08:50:00;13,8;2022-03-18 23:30:00;55;68;2022-03-18 02:38:00;44;2022-03-18 20:52:00;1020,9;1023,3;2022-03-18 22:47:00;1018,3;2022-03-18 04:30:00;0;5,9;4;66;11,7;2022-03-18 23:09:00;83;2022-03-18 23:09:00
X4;19/03/2022;12,8;14;2022-03-19 02:00:00;11,6;2022-03-19 06:27:00;67;84;2022-03-19 05:03:00;54;2022-03-19 02:34:00;1022,8;1023,7;2022-03-19 21:30:00;1021,8;2022-03-19 03:45:00;1,6;2,7;3,2;61;11,7;2022-03-19 03:06:00;71;2022-03-19 03:06:00
X4;20/03/2022;13,1;14,8;2022-03-20 11:38:00;11,8;2022-03-20 03:33:00;83;100;2022-03-20 19:40:00;64;2022-03-20 01:36:00;1022,9;1024,6;2022-03-20 22:30:00;1021,6;2022-03-20 03:54:00;0,4;10,6;2,8;72;8;2022-03-20 09:18:00;90;2022-03-20 09:18:00
X4;21/03/2022;13,3;15,7;2022-03-21 13:31:00;11,8;2022-03-21 23:47:00;76;97;2022-03-21 02:32:00;60;2022-03-21 16:45:00;1024,6;1025,8;2022-03-21 21:30:00;1023,1;2022-03-21 03:51:00;0;13,2;3,9;88;11,6;2022-03-21 16:39:00;85;2022-03-21 16:39:00
X4;22/03/2022;12,3;14,8;2022-03-22 13:38:00;9,8;2022-03-22 07:00:00;64;100;2022-03-22 08:00:00;46;2022-03-22 13:45:00;1025,3;1026,6;2022-03-22 11:05:00;1024;2022-03-22 05:27:00;5,2;15,8;3,7;76;10,2;2022-03-22 11:40:00;78;2022-03-22 11:40:00
X4;23/03/2022;11,7;14;2022-03-23 14:23:00;9,8;2022-03-23 04:43:00;65;85;2022-03-23 11:16:00;53;2022-03-23 16:20:00;1023,6;1025,3;2022-03-23 00:00:00;1022,1;2022-03-23 17:36:00;1,3;9,3;3,1;63;10,2;2022-03-23 09:31:00;73;2022-03-23 09:31:00
X4;24/03/2022;12,5;13,9;2022-03-24 15:18:00;10,6;2022-03-24 02:00:00;60;73;2022-03-24 19:20:00;43;2022-03-24 13:19:00;1021,7;1023,1;2022-03-24 10:20:00;1020,6;2022-03-24 23:33:00;0;5,6;2,6;64;8,8;2022-03-24 11:22:00;86;2022-03-24 11:22:00
X4;25/03/2022;13,5;15,9;2022-03-25 12:34:00;12;2022-03-25 06:08:00;61;85;2022-03-25 19:01:00;37;2022-03-25 13:13:00;1018,6;1020,9;2022-03-25 00:40:00;1016,7;2022-03-25 16:30:00;0;15,8;3,6;75;11,8;2022-03-25 13:40:00;77;2022-03-25 13:40:00
X4;26/03/2022;13,4;14,6;2022-03-26 14:50:00;12,6;2022-03-26 23:00:00;59;72;2022-03-26 13:30:00;48;2022-03-26 09:41:00;1017,4;1019,2;2022-03-26 23:01:00;1016,3;2022-03-26 04:06:00;1;3,6;3;63;10,2;2022-03-26 11:25:00;66;2022-03-26 11:25:00
X4;27/03/2022;15,4;19,5;2022-03-27 13:31:00;12,5;2022-03-27 01:38:00;53;68;2022-03-27 20:14:00;31;2022-03-27 12:02:00;1020,4;1023,1;2022-03-27 21:21:00;1018,2;2022-03-27 04:21:00;0;17,6;2,5;62;8,5;2022-03-27 12:43:00;85;2022-03-27 12:43:00
X4;28/03/2022;15,1;18,4;2022-03-28 11:50:00;12,3;2022-03-28 04:37:00;51;88;2022-03-28 23:02:00;30;2022-03-28 10:33:00;1018,8;1022,7;2022-03-28 00:16:00;1014;2022-03-28 23:58:00;0;17;1,1;91;4;2022-03-28 12:03:00;140;2022-03-28 12:03:00
X4;29/03/2022;14,4;15,7;2022-03-29 14:54:00;13,2;2022-03-29 06:04:00;64;95;2022-03-29 12:23:00;46;2022-03-29 08:24:00;1006,8;1014,1;2022-03-29 00:01:00;1000,6;2022-03-29 23:59:00;0;8,1;2,6;68;10,1;2022-03-29 16:02:00;76;2022-03-29 16:02:00
X4;30/03/2022;12,9;15,7;2022-03-30 14:05:00;10,8;2022-03-30 08:00:00;76;100;2022-03-30 23:30:00;49;2022-03-30 03:17:00;998,3;1000,9;2022-03-30 00:00:00;996,6;2022-03-30 16:24:00;11,6;9,8;1,9;88;8,2;2022-03-30 00:52:00;34;2022-03-30 00:52:00
X4;31/03/2022;12,7;15,2;2022-03-31 14:13:00;10,7;2022-03-31 17:32:00;80;100;2022-03-31 17:30:00;61;2022-03-31 15:11:00;996,2;998,3;2022-03-31 23:50:00;994,5;2022-03-31 16:13:00;8,7;14,6;2,2;273;6,8;2022-03-31 16:57:00;72;2022-03-31 16:57:00
X4;01/04/2022;11,7;16;2022-04-01 13:13:00;7,2;2022-04-01 23:51:00;29;79;2022-04-01 00:31:00;7;2022-04-01 15:15:00;1001,7;1007,1;2022-04-01 23:47:00;996,5;2022-04-01 05:21:00;0;24,3;4,5;320;15,1;2022-04-01 17:08:00;338;2022-04-01 17:08:00
X4;02/04/2022;9,8;17,5;2022-04-02 15:32:00;5;2022-04-02 05:32:00;40;56;2022-04-02 05:34:00;13;2022-04-02 15:33:00;1007,6;1011,6;2022-04-02 23:23:00;1004,6;2022-04-02 03:56:00;0;22,4;4,3;328;14,9;2022-04-02 04:14:00;321;2022-04-02 04:14:00
X4;03/04/2022;7,9;9,2;2022-04-03 09:25:00;6,7;2022-04-03 13:30:00;51;72;2022-04-03 12:25:00;28;2022-04-03 08:36:00;1013,3;1016,1;2022-04-03 23:07:00;1010,9;2022-04-03 02:34:00;1;8;2,1;344;7,9;2022-04-03 03:27:00;309;2022-04-03 03:27:00
X4;04/04/2022;9,4;12,9;2022-04-04 15:48:00;5,4;2022-04-04 05:05:00;51;69;2022-04-04 01:30:00;34;2022-04-04 12:40:00;1014,4;1016;2022-04-04 09:45:00;1012,4;2022-04-04 18:04:00;0;20,2;2;61;9,1;2022-04-04 18:35:00;98;2022-04-04 18:35:00
X4;05/04/2022;11,9;14,8;2022-04-05 12:21:00;8,9;2022-04-05 06:02:00;46;57;2022-04-05 23:32:00;30;2022-04-05 09:01:00;1011,3;1013,9;2022-04-05 00:16:00;1009;2022-04-05 23:59:00;0;21,4;1,6;116;5,3;2022-04-05 12:38:00;117;2022-04-05 12:38:00
X4;06/04/2022;14;17,7;2022-04-06 15:22:00;11;2022-04-06 06:30:00;48;75;2022-04-06 23:57:00;31;2022-04-06 13:50:00;1008;1010,7;2022-04-06 21:58:00;1006,5;2022-04-06 14:58:00;0;20,1;1,6;216;7,8;2022-04-06 17:33:00;221;2022-04-06 17:33:00
X4;07/04/2022;16,6;25;2022-04-07 13:17:00;10,1;2022-04-07 05:01:00;49;76;2022-04-07 23:30:00;19;2022-04-07 13:00:00;1010,3;1012,3;2022-04-07 09:14:00;1008,4;2022-04-07 15:32:00;0;24,2;2,3;239;12;2022-04-07 14:50:00;230;2022-04-07 14:50:00
X4;08/04/2022;19,8;25,6;2022-04-08 14:32:00;14,5;2022-04-08 04:27:00;39;74;2022-04-08 00:14:00;18;2022-04-08 15:04:00;1008;1011,2;2022-04-08 00:00:00;1005,1;2022-04-08 15:10:00;0;20,5;3,1;287;12,9;2022-04-08 16:05:00;302;2022-04-08 16:05:00
X4;09/04/2022;15,4;19,5;2022-04-09 00:00:00;13,6;2022-04-09 23:18:00;61;75;2022-04-09 09:31:00;39;2022-04-09 00:00:00;1011,6;1017,1;2022-04-09 23:59:00;1006,4;2022-04-09 03:16:00;0;19,1;2,8;132;12,8;2022-04-09 00:37:00;314;2022-04-09 00:37:00
X4;10/04/2022;14,7;17,2;2022-04-10 15:27:00;12,9;2022-04-10 03:31:00;62;77;2022-04-10 23:58:00;46;2022-04-10 12:05:00;1015,7;1018;2022-04-10 09:30:00;1013,5;2022-04-10 23:59:00;0;19,6;2;229;9;2022-04-10 16:36:00;241;2022-04-10 16:36:00
X4;11/04/2022;14,3;16,6;2022-04-11 11:53:00;12,1;2022-04-11 04:31:00;74;82;2022-04-11 18:40:00;60;2022-04-11 07:40:00;1012;1013,6;2022-04-11 11:00:00;1010,2;2022-04-11 19:04:00;0;21;3,1;94;11,8;2022-04-11 20:24:00;70;2022-04-11 20:24:00
X4;12/04/2022;14,4;15,6;2022-04-12 11:52:00;13,8;2022-04-12 23:30:00;80;100;2022-04-12 22:30:00;69;2022-04-12 05:46:00;1008,5;1010,8;2022-04-12 00:00:00;1007,1;2022-04-12 14:42:00;0;5,9;4,6;78;11,6;2022-04-12 11:18:00;43;2022-04-12 11:18:00
X4;13/04/2022;13,9;15;2022-04-13 21:17:00;13,3;2022-04-13 10:31:00;92;100;2022-04-13 15:30:00;59;2022-04-13 21:15:00;1009,6;1012,7;2022-04-13 22:00:00;1007;2022-04-13 05:08:00;8;1,9;3,8;79;11,8;2022-04-13 10:11:00;77;2022-04-13 10:11:00
X4;14/04/2022;17,1;21,7;2022-04-14 09:38:00;13,2;2022-04-14 04:01:00;51;76;2022-04-14 03:43:00;29;2022-04-14 12:21:00;1013;1016,1;2022-04-14 21:07:00;1011,1;2022-04-14 03:34:00;0;23,1;2,6;73;12,1;2022-04-14 14:25:00;79;2022-04-14 14:25:00
X4;15/04/2022;20,1;24,8;2022-04-15 10:02:00;14,6;2022-04-15 05:08:00;45;64;2022-04-15 05:04:00;30;2022-04-15 10:02:00;1015,6;1016,6;2022-04-15 20:54:00;1014,6;2022-04-15 15:04:00;0;23;1,1;223;5,6;2022-04-15 12:55:00;131;2022-04-15 12:55:00
X4;16/04/2022;20,4;26,7;2022-04-16 10:41:00;16,6;2022-04-16 05:32:00;55;72;2022-04-16 23:44:00;30;2022-04-16 11:10:00;1013,1;1016;2022-04-16 00:00:00;1010,7;2022-04-16 16:00:00;0;24,8;1,7;189;9,8;2022-04-16 13:13:00;223;2022-04-16 13:13:00
X4;17/04/2022;17,2;21;2022-04-17 10:09:00;15,1;2022-04-17 04:52:00;62;74;2022-04-17 02:37:00;44;2022-04-17 10:15:00;1013,4;1014,6;2022-04-17 10:30:00;1012,1;2022-04-17 02:04:00;0;25,2;1,7;96;8,9;2022-04-17 12:37:00;85;2022-04-17 12:37:00
X4;18/04/2022;15,8;17,9;2022-04-18 09:05:00;13,8;2022-04-18 05:00:00;72;90;2022-04-18 19:03:00;49;2022-04-18 00:21:00;1011,8;1013,5;2022-04-18 00:00:00;1010,2;2022-04-18 16:34:00;0;22,8;1,5;134;5,6;2022-04-18 12:36:00;138;2022-04-18 12:36:00
X4;19/04/2022;15,7;19,3;2022-04-19 14:20:00;13,4;2022-04-19 05:07:00;68;96;2022-04-19 02:04:00;44;2022-04-19 14:21:00;1007,6;1010,3;2022-04-19 00:00:00;1003,7;2022-04-19 23:52:00;0,3;8,3;1,2;96;5,1;2022-04-19 19:06:00;80;2022-04-19 19:06:00
X4;20/04/2022;15,1;16,4;2022-04-20 15:46:00;14,1;2022-04-20 23:48:00;72;100;2022-04-20 20:00:00;57;2022-04-20 02:19:00;1000,6;1003,9;2022-04-20 00:00:00;998,8;2022-04-20 12:41:00;1,8;5,4;4,4;73;13,6;2022-04-20 12:41:00;90;2022-04-20 12:41:00
X4;21/04/2022;13,2;14,9;2022-04-21 21:30:00;11,1;2022-04-21 11:04:00;82;99;2022-04-21 11:07:00;70;2022-04-21 23:59:00;999,7;1001,2;2022-04-21 00:08:00;998,2;2022-04-21 13:35:00;17,1;3,1;2,1;329;10;2022-04-21 00:00:00;69;2022-04-21 00:00:00
X4;22/04/2022;16,1;20,6;2022-04-22 10:49:00;12,5;2022-04-22 04:43:00;60;91;2022-04-22 23:59:00;36;2022-04-22 11:07:00;997,5;999,2;2022-04-22 00:09:00;995,7;2022-04-22 23:55:00;0;21,1;2,6;252;10;2022-04-22 15:43:00;245;2022-04-22 15:43:00
X4;23/04/2022;14,2;17,4;2022-04-23 10:44:00;9,6;2022-04-23 14:20:00;74;100;2022-04-23 06:00:00;48;2022-04-23 17:30:00;995,6;1000,1;2022-04-23 23:30:00;992,6;2022-04-23 07:13:00;11,8;12,8;3,2;241;15;2022-04-23 12:19:00;227;2022-04-23 12:19:00
X4;24/04/2022;16,7;23,9;2022-04-24 14:30:00;12,3;2022-04-24 00:37:00;54;73;2022-04-24 23:57:00;33;2022-04-24 14:31:00;1004;1009,3;2022-04-24 23:49:00;999,6;2022-04-24 00:44:00;0;26;3;288;12,6;2022-04-24 02:34:00;270;2022-04-24 02:34:00
X4;25/04/2022;16,6;20,9;2022-04-25 15:48:00;13,1;2022-04-25 04:30:00;62;80;2022-04-25 23:08:00;44;2022-04-25 15:44:00;1009,5;1011;2022-04-25 23:34:00;1008,4;2022-04-25 03:30:00;0;26,7;1,9;85;6,9;2022-04-25 17:26:00;245;2022-04-25 17:26:00
X4;26/04/2022;17,8;22,7;2022-04-26 14:34:00;12,8;2022-04-26 05:13:00;55;96;2022-04-26 02:30:00;32;2022-04-26 14:34:00;1010,9;1012,1;2022-04-26 23:11:00;1009,5;2022-04-26 03:30:00;0;26,6;1,7;220;7,7;2022-04-26 15:01:00;211;2022-04-26 15:01:00
X4;27/04/2022;17,8;21,1;2022-04-27 11:41:00;14,9;2022-04-27 04:46:00;52;68;2022-04-27 22:33:00;36;2022-04-27 12:10:00;1013;1015,2;2022-04-27 23:30:00;1010,9;2022-04-27 03:20:00;0;17,1;1,2;160;5,8;2022-04-27 16:49:00;235;2022-04-27 16:49:00
X4;28/04/2022;17,9;20,5;2022-04-28 15:05:00;15,8;2022-04-28 02:36:00;55;70;2022-04-28 02:26:00;45;2022-04-28 14:04:00;1016,8;1020,2;2022-04-28 23:05:00;1014,3;2022-04-28 03:30:00;0;22,3;1,8;95;9,7;2022-04-28 14:20:00;88;2022-04-28 14:20:00
X4;29/04/2022;19,7;24,9;2022-04-29 12:10:00;15,9;2022-04-29 04:56:00;52;61;2022-04-29 04:30:00;36;2022-04-29 12:10:00;1019,2;1020,7;2022-04-29 09:35:00;1017,9;2022-04-29 18:37:00;0;25,1;1,4;178;7;2022-04-29 13:38:00;164;2022-04-29 13:38:00
X4;30/04/2022;19,1;22,6;2022-04-30 14:05:00;16,5;2022-04-30 03:17:00;59;68;2022-04-30 04:05:00;43;2022-04-30 14:06:00;1016,8;1018,6;2022-04-30 00:01:00;1015,5;2022-04-30 13:42:00;0,1;21,8;1,4;164;7,7;2022-04-30 13:42:00;210;2022-04-30 13:42:00
X4;01/05/2022;18,4;21,2;2022-05-01 14:44:00;16,6;2022-05-01 04:55:00;61;72;2022-05-01 06:07:00;48;2022-05-01 15:25:00;1014;1016;2022-05-01 00:00:00;1012,3;2022-05-01 23:59:00;0;25,8;1,7;157;6,9;2022-05-01 16:12:00;183;2022-05-01 16:12:00
X4;02/05/2022;17,9;20,3;2022-05-02 09:38:00;16,3;2022-05-02 21:18:00;58;70;2022-05-02 06:30:00;43;2022-05-02 15:15:00;1010,4;1012,3;2022-05-02 00:30:00;1009;2022-05-02 16:32:00;0,3;16,7;1,8;84;5,7;2022-05-02 16:34:00;73;2022-05-02 16:34:00
X4;03/05/2022;16,4;19,5;2022-05-03 13:49:00;14,9;2022-05-03 05:00:00;74;87;2022-05-03 11:02:00;53;2022-05-03 00:45:00;1010,9;1013,3;2022-05-03 23:13:00;1008,9;2022-05-03 05:22:00;1,3;15,4;2,2;77;8,2;2022-05-03 13:55:00;93;2022-05-03 13:55:00
X4;04/05/2022;16,7;19,4;2022-05-04 12:26:00;14,5;2022-05-04 03:30:00;70;79;2022-05-04 18:00:00;55;2022-05-04 11:29:00;1013,5;1015,2;2022-05-04 23:00:00;1012,2;2022-05-04 02:12:00;0;12,1;1,7;64;6,8;2022-05-04 13:22:00;106;2022-05-04 13:22:00
X4;05/05/2022;17,8;23,3;2022-05-05 10:52:00;14,6;2022-05-05 03:27:00;63;83;2022-05-05 13:50:00;39;2022-05-05 10:53:00;1014,9;1017,1;2022-05-05 20:43:00;1013,3;2022-05-05 04:03:00;2,9;19,9;1,8;254;7,5;2022-05-05 09:29:00;338;2022-05-05 09:29:00
X4;06/05/2022;18,5;22,4;2022-05-06 09:10:00;15;2022-05-06 04:43:00;51;72;2022-05-06 03:33:00;30;2022-05-06 09:09:00;1015,2;1016,8;2022-05-06 22:33:00;1013,8;2022-05-06 14:50:00;0;29;1,8;203;7,5;2022-05-06 11:50:00;171;2022-05-06 11:50:00
X4;07/05/2022;19,1;24,1;2022-05-07 10:09:00;15,8;2022-05-07 03:30:00;53;79;2022-05-07 20:30:00;32;2022-05-07 10:07:00;1015,2;1016,3;2022-05-07 00:30:00;1014,2;2022-05-07 15:32:00;0;26,2;1,8;203;7,8;2022-05-07 04:45:00;297;2022-05-07 04:45:00
X4;08/05/2022;19,7;24,1;2022-05-08 11:50:00;16,1;2022-05-08 03:49:00;51;72;2022-05-08 22:21:00;34;2022-05-08 11:32:00;1015,7;1018,1;2022-05-08 21:39:00;1014,3;2022-05-08 04:39:00;0;25,8;1,3;162;6,6;2022-05-08 13:27:00;83;2022-05-08 13:27:00
X4;09/05/2022;19,8;23,1;2022-05-09 08:41:00;16,9;2022-05-09 03:33:00;55;73;2022-05-09 19:44:00;37;2022-05-09 08:48:00;1018,6;1020,1;2022-05-09 21:35:00;1016,9;2022-05-09 02:36:00;0;26,1;1,4;132;5;2022-05-09 09:59:00;132;2022-05-09 09:59:00
X4;10/05/2022;20,7;24,6;2022-05-10 13:22:00;16,5;2022-05-10 03:33:00;49;73;2022-05-10 23:59:00;32;2022-05-10 17:17:00;1018,5;1019,7;2022-05-10 11:00:00;1017,2;2022-05-10 17:21:00;0;27,6;2,3;231;9,6;2022-05-10 16:48:00;212;2022-05-10 16:48:00
X4;11/05/2022;20,1;24,3;2022-05-11 11:07:00;16,7;2022-05-11 04:41:00;59;81;2022-05-11 01:09:00;38;2022-05-11 10:55:00;1017,4;1018,7;2022-05-11 23:00:00;1016,6;2022-05-11 15:32:00;0;28,9;2,8;242;10,5;2022-05-11 15:08:00;258;2022-05-11 15:08:00
X4;12/05/2022;19,9;24;2022-05-12 09:35:00;16,8;2022-05-12 04:51:00;60;80;2022-05-12 22:07:00;31;2022-05-12 09:35:00;1018,2;1019,5;2022-05-12 09:00:00;1017,3;2022-05-12 17:47:00;0;28,3;1,5;180;6,7;2022-05-12 12:54:00;132;2022-05-12 12:54:00
X4;13/05/2022;19,1;21,5;2022-05-13 17:07:00;16,2;2022-05-13 05:00:00;64;81;2022-05-13 23:59:00;47;2022-05-13 06:39:00;1017,6;1018,9;2022-05-13 10:00:00;1016,7;2022-05-13 23:56:00;0;28,2;1,6;107;6,9;2022-05-13 11:35:00;85;2022-05-13 11:35:00
X4;14/05/2022;21,9;25,9;2022-05-14 11:48:00;17,6;2022-05-14 04:10:00;50;81;2022-05-14 00:00:00;30;2022-05-14 10:44:00;1015,1;1016,8;2022-05-14 00:03:00;1013,6;2022-05-14 16:44:00;0;26,9;1,5;198;5,8;2022-05-14 14:59:00;206;2022-05-14 14:59:00
X4;15/05/2022;22,6;27,6;2022-05-15 12:32:00;19,2;2022-05-15 04:57:00;48;72;2022-05-15 20:30:00;31;2022-05-15 16:24:00;1013,2;1014,6;2022-05-15 22:00:00;1012,3;2022-05-15 02:49:00;0;26,6;1,4;199;6,6;2022-05-15 12:23:00;215;2022-05-15 12:23:00
X4;16/05/2022;21,7;27,2;2022-05-16 09:09:00;19,2;2022-05-16 22:32:00;59;90;2022-05-16 22:30:00;26;2022-05-16 08:10:00;1015,1;1016,8;2022-05-16 21:06:00;1013,1;2022-05-16 03:40:00;0;27,3;1,6;138;6,1;2022-05-16 10:56:00;141;2022-05-16 10:56:00
X4;17/05/2022;21;24,1;2022-05-17 17:08:00;18,6;2022-05-17 04:00:00;79;98;2022-05-17 22:03:00;58;2022-05-17 17:09:00;1014,8;1016;2022-05-17 10:30:00;1013,2;2022-05-17 17:30:00;0;28,4;1,6;144;5,3;2022-05-17 14:40:00;108;2022-05-17 14:40:00
X4;18/05/2022;23,6;27,8;2022-05-18 10:53:00;19,9;2022-05-18 03:36:00;73;99;2022-05-18 23:55:00;45;2022-05-18 16:03:00;1015,1;1016,4;2022-05-18 23:30:00;1014,1;2022-05-18 18:04:00;0;28,1;1,3;146;5,2;2022-05-18 12:05:00;166;2022-05-18 12:05:00
X4;19/05/2022;22;24;2022-05-19 16:39:00;20,3;2022-05-19 04:32:00;79;100;2022-05-19 02:30:00;53;2022-05-19 23:07:00;1018,9;1020,8;2022-05-19 23:00:00;1016,2;2022-05-19 01:30:00;0;27,2;2;90;6,4;2022-05-19 12:56:00;131;2022-05-19 12:56:00
X4;20/05/2022;23,3;26,2;2022-05-20 16:33:00;20,7;2022-05-20 04:54:00;61;89;2022-05-20 23:49:00;45;2022-05-20 08:11:00;1020,4;1022;2022-05-20 07:17:00;1019;2022-05-20 23:51:00;0;28;1,4;114;5,2;2022-05-20 11:31:00;105;2022-05-20 11:31:00
X4;21/05/2022;25,3;31,4;2022-05-21 15:13:00;20;2022-05-21 04:30:00;51;95;2022-05-21 02:11:00;16;2022-05-21 15:22:00;1015,8;1019,2;2022-05-21 00:30:00;1011,9;2022-05-21 23:58:00;0;27,3;2,2;204;10;2022-05-21 14:56:00;222;2022-05-21 14:56:00
X4;22/05/2022;26;33,4;2022-05-22 12:33:00;20,7;2022-05-22 05:37:00;42;73;2022-05-22 20:05:00;13;2022-05-22 11:09:00;1007,8;1011,9;2022-05-22 00:00:00;1004,4;2022-05-22 23:56:00;0;28,9;2,3;247;10,8;2022-05-22 11:47:00;251;2022-05-22 11:47:00
X4;23/05/2022;22,5;24,5;2022-05-23 12:39:00;20,8;2022-05-23 06:06:00;66;75;2022-05-23 11:24:00;51;2022-05-23 05:39:00;1004,3;1006,3;2022-05-23 23:00:00;1002,3;2022-05-23 04:31:00;0;27,3;2;153;7,8;2022-05-23 07:22:00;73;2022-05-23 07:22:00
X4;24/05/2022;19,4;22;2022-05-24 08:30:00;15,2;2022-05-24 23:48:00;76;100;2022-05-24 19:30:00;56;2022-05-24 11:47:00;1006,7;1009,2;2022-05-24 23:59:00;1005,4;2022-05-24 16:13:00;11,8;7,7;2,3;128;7,8;2022-05-24 19:12:00;89;2022-05-24 19:12:00
X4;25/05/2022;18,6;22,3;2022-05-25 17:12:00;14,5;2022-05-25 03:48:00;61;96;2022-05-25 04:00:00;38;2022-05-25 17:19:00;1012,4;1016,3;2022-05-25 23:14:00;1008,6;2022-05-25 00:35:00;4,2;9,8;1,9;301;9,1;2022-05-25 14:52:00;326;2022-05-25 14:52:00
X4;26/05/2022;22,5;25,8;2022-05-26 14:41:00;18,6;2022-05-26 05:47:00;40;56;2022-05-26 19:43:00;25;2022-05-26 09:51:00;1016,5;1017,9;2022-05-26 09:30:00;1015,5;2022-05-26 23:59:00;0;29,9;2;251;6,6;2022-05-26 12:07:00;167;2022-05-26 12:07:00
X4;27/05/2022;23,6;27,4;2022-05-27 17:09:00;20,2;2022-05-27 04:44:00;49;59;2022-05-27 10:46:00;39;2022-05-27 08:03:00;1014;1015,7;2022-05-27 09:30:00;1012,2;2022-05-27 17:23:00;0;23,3;1,5;217;6,3;2022-05-27 13:41:00;222;2022-05-27 13:41:00
X4;28/05/2022;24;30;2022-05-28 09:39:00;20,5;2022-05-28 23:30:00;56;85;2022-05-28 23:21:00;28;2022-05-28 09:37:00;1008;1012,5;2022-05-28 00:00:00;1004,9;2022-05-28 23:55:00;0;29,8;1,8;81;7,1;2022-05-28 10:19:00;174;2022-05-28 10:19:00
X4;29/05/2022;21,1;24,7;2022-05-29 09:00:00;19,6;2022-05-29 04:35:00;65;97;2022-05-29 04:02:00;47;2022-05-29 23:48:00;1003,9;1005;2022-05-29 11:00:00;1002,5;2022-05-29 23:38:00;0;29,8;2;111;7;2022-05-29 10:43:00;104;2022-05-29 10:43:00
X4;30/05/2022;21;23,3;2022-05-30 10:27:00;19,6;2022-05-30 04:30:00;51;65;2022-05-30 12:14:00;37;2022-05-30 20:49:00;1004,6;1008,6;2022-05-30 22:30:00;1001,4;2022-05-30 04:00:00;0;28,2;2;79;6,6;2022-05-30 14:26:00;88;2022-05-30 14:26:00
X4;31/05/2022;21,4;24,5;2022-05-31 12:22:00;19,5;2022-05-31 04:41:00;59;88;2022-05-31 23:16:00;35;2022-05-31 12:52:00;1009,9;1012,4;2022-05-31 22:30:00;1007,2;2022-05-31 02:41:00;0;30,1;1,8;109;6,2;2022-05-31 15:49:00;129;2022-05-31 15:49:00
X4;01/06/2022;22,6;26,1;2022-06-01 09:43:00;18,9;2022-06-01 04:21:00;73;100;2022-06-01 04:30:00;50;2022-06-01 10:23:00;1010,8;1012,4;2022-06-01 00:00:00;1009,3;2022-06-01 17:54:00;0;29,9;1,9;208;6,4;2022-06-01 11:02:00;168;2022-06-01 11:02:00
X4;02/06/2022;21,4;23,8;2022-06-02 14:33:00;19,3;2022-06-02 23:54:00;75;100;2022-06-02 23:30:00;59;2022-06-02 14:30:00;1010;1012;2022-06-02 10:29:00;1008,3;2022-06-02 05:02:00;0;24,8;2,5;93;7,5;2022-06-02 09:33:00;83;2022-06-02 09:33:00
X4;03/06/2022;21,8;27,6;2022-06-03 08:54:00;19,2;2022-06-03 00:09:00;82;100;2022-06-03 21:30:00;40;2022-06-03 09:08:00;1009,7;1011,2;2022-06-03 22:34:00;1007,8;2022-06-03 03:33:00;0;25,6;2;118;6,7;2022-06-03 13:54:00;129;2022-06-03 13:54:00
X4;04/06/2022;22,6;26,5;2022-06-04 17:31:00;20,2;2022-06-04 03:23:00;79;99;2022-06-04 04:22:00;46;2022-06-04 17:52:00;1010,4;1011,9;2022-06-04 09:13:00;1009,1;2022-06-04 01:11:00;0;28,4;1,8;139;6,6;2022-06-04 12:51:00;142;2022-06-04 12:51:00
X4;05/06/2022;23,6;26,8;2022-06-05 15:32:00;21,1;2022-06-05 05:02:00;70;98;2022-06-05 23:08:00;50;2022-06-05 15:32:00;1013,8;1016,9;2022-06-05 23:35:00;1010,8;2022-06-05 04:04:00;0;29,7;2;150;7,2;2022-06-05 14:31:00;203;2022-06-05 14:31:00
X4;06/06/2022;24,6;27,9;2022-06-06 12:33:00;21,3;2022-06-06 03:04:00;62;88;2022-06-06 00:00:00;43;2022-06-06 12:23:00;1014,6;1016,6;2022-06-06 00:00:00;1012;2022-06-06 19:14:00;0;29,3;2,1;212;9,1;2022-06-06 15:27:00;261;2022-06-06 15:27:00
X4;07/06/2022;24,1;27,4;2022-06-07 12:21:00;21,9;2022-06-07 23:56:00;64;74;2022-06-07 19:49:00;49;2022-06-07 12:31:00;1013,4;1014,7;2022-06-07 09:30:00;1011,6;2022-06-07 23:59:00;0;28,5;2,1;141;8,8;2022-06-07 12:46:00;208;2022-06-07 12:46:00
X4;08/06/2022;23,3;26,7;2022-06-08 11:38:00;21,8;2022-06-08 04:33:00;67;81;2022-06-08 14:23:00;55;2022-06-08 17:32:00;1010;1012,5;2022-06-08 23:00:00;1008;2022-06-08 11:51:00;0;18,7;1,9;173;7,9;2022-06-08 14:38:00;94;2022-06-08 14:38:00
X4;09/06/2022;22,5;24,5;2022-06-09 06:38:00;21,2;2022-06-09 23:50:00;66;73;2022-06-09 23:55:00;49;2022-06-09 07:04:00;1013,5;1016,3;2022-06-09 22:30:00;1011,4;2022-06-09 04:08:00;0;29;2,4;189;7,3;2022-06-09 10:43:00;133;2022-06-09 10:43:00
X4;10/06/2022;23,8;27,2;2022-06-10 15:28:00;20,2;2022-06-10 04:23:00;68;79;2022-06-10 04:31:00;55;2022-06-10 14:57:00;1015,5;1016,9;2022-06-10 10:24:00;1014;2022-06-10 17:06:00;0;30,1;2,3;239;8,2;2022-06-10 12:45:00;200;2022-06-10 12:45:00
X4;11/06/2022;25,5;29,1;2022-06-11 13:07:00;22;2022-06-11 04:03:00;58;75;2022-06-11 16:28:00;36;2022-06-11 11:38:00;1016,6;1018,3;2022-06-11 21:30:00;1015,5;2022-06-11 02:04:00;0;30,2;1,7;171;7,1;2022-06-11 13:15:00;155;2022-06-11 13:15:00
X4;12/06/2022;27,5;31,5;2022-06-12 09:43:00;23,3;2022-06-12 04:26:00;46;61;2022-06-12 12:49:00;32;2022-06-12 10:45:00;1015,9;1017,4;2022-06-12 09:48:00;1013;2022-06-12 18:32:00;0;28;1,7;195;7,6;2022-06-12 16:44:00;250;2022-06-12 16:44:00
X4;13/06/2022;28,1;32,7;2022-06-13 11:56:00;23,1;2022-06-13 05:01:00;41;73;2022-06-13 04:57:00;25;2022-06-13 16:13:00;1013,9;1016;2022-06-13 07:34:00;1012,3;2022-06-13 19:02:00;0;29,1;1,8;219;7,4;2022-06-13 14:51:00;251;2022-06-13 14:51:00
X4;14/06/2022;26,3;28;2022-06-14 18:33:00;24,1;2022-06-14 04:33:00;43;63;2022-06-14 16:13:00;27;2022-06-14 21:49:00;1012,3;1013,6;2022-06-14 11:28:00;1011,1;2022-06-14 19:07:00;0;21,6;1,8;165;7,7;2022-06-14 23:09:00;291;2022-06-14 23:09:00
X4;15/06/2022;27;31,7;2022-06-15 09:25:00;24,6;2022-06-15 23:20:00;51;75;2022-06-15 16:49:00;26;2022-06-15 01:23:00;1012,9;1014,8;2022-06-15 21:21:00;1009,8;2022-06-15 04:30:00;0;24,3;1,9;160;8;2022-06-15 04:54:00;258;2022-06-15 04:54:00
X4;16/06/2022;28,3;34;2022-06-16 10:15:00;24,1;2022-06-16 04:25:00;53;71;2022-06-16 19:04:00;22;2022-06-16 23:52:00;1014,2;1015,1;2022-06-16 12:37:00;1013,6;2022-06-16 05:31:00;0;29;1,5;192;6,4;2022-06-16 23:45:00;279;2022-06-16 23:45:00
X4;17/06/2022;30,5;33,1;2022-06-17 10:10:00;27,1;2022-06-17 03:18:00;31;39;2022-06-17 07:14:00;21;2022-06-17 01:39:00;1014,6;1015,9;2022-06-17 12:01:00;1013,5;2022-06-17 02:02:00;0;27,7;1,4;187;6;2022-06-17 12:54:00;181;2022-06-17 12:54:00
X4;18/06/2022;26,5;29,6;2022-06-18 09:07:00;23,4;2022-06-18 22:00:00;63;95;2022-06-18 19:36:00;32;2022-06-18 01:04:00;1012,6;1014,3;2022-06-18 08:00:00;1010;2022-06-18 23:50:00;0;28;2,5;83;6,9;2022-06-18 05:19:00;87;2022-06-18 05:19:00
X4;19/06/2022;25,5;27,5;2022-06-19 12:57:00;23,4;2022-06-19 03:50:00;76;93;2022-06-19 03:43:00;66;2022-06-19 07:47:00;1008,2;1010,4;2022-06-19 00:00:00;1006,6;2022-06-19 19:12:00;0;27;3,2;78;8,4;2022-06-19 18:00:00;83;2022-06-19 18:00:00
X4;20/06/2022;25,6;28,4;2022-06-20 13:49:00;23,6;2022-06-20 04:30:00;71;81;2022-06-20 22:33:00;58;2022-06-20 07:36:00;1007,6;1009,2;2022-06-20 23:09:00;1006,4;2022-06-20 05:15:00;0;24,9;1,9;123;6,6;2022-06-20 12:33:00;155;2022-06-20 12:33:00
X4;21/06/2022;26,1;30,5;2022-06-21 12:47:00;21,5;2022-06-21 23:32:00;69;97;2022-06-21 23:30:00;42;2022-06-21 13:03:00;1006,9;1010,5;2022-06-21 23:12:00;1005,3;2022-06-21 02:58:00;4,5;14;2;218;14,4;2022-06-21 22:43:00;321;2022-06-21 22:43:00
X4;22/06/2022;24,5;28,5;2022-06-22 16:49:00;21,8;2022-06-22 00:04:00;74;91;2022-06-22 00:12:00;58;2022-06-22 16:48:00;1006,4;1008,2;2022-06-22 00:04:00;1004,2;2022-06-22 03:13:00;0,9;22,1;2,1;155;7,7;2022-06-22 15:57:00;222;2022-06-22 15:57:00
X4;23/06/2022;25,5;28,9;2022-06-23 14:49:00;23,2;2022-06-23 03:31:00;65;91;2022-06-23 01:11:00;45;2022-06-23 17:55:00;1007,7;1008,8;2022-06-23 21:00:00;1006,2;2022-06-23 02:38:00;0;28,5;2,6;218;9,2;2022-06-23 15:52:00;233;2022-06-23 15:52:00
X4;24/06/2022;25,6;30,9;2022-06-24 14:54:00;22,4;2022-06-24 23:30:00;57;81;2022-06-24 20:28:00;26;2022-06-24 15:09:00;1008,8;1011;2022-06-24 21:30:00;1007,6;2022-06-24 02:44:00;0;30,3;2,7;80;9,5;2022-06-24 17:15:00;100;2022-06-24 17:15:00
X4;25/06/2022;24,4;27,3;2022-06-25 17:18:00;21,6;2022-06-25 04:31:00;74;98;2022-06-25 23:59:00;57;2022-06-25 17:13:00;1008,1;1010,2;2022-06-25 01:13:00;1006;2022-06-25 18:06:00;0;30,3;2;107;6,4;2022-06-25 14:00:00;171;2022-06-25 14:00:00
X4;26/06/2022;24,3;26,4;2022-06-26 14:23:00;23;2022-06-26 03:44:00;79;98;2022-06-26 00:03:00;66;2022-06-26 10:10:00;1006,9;1008,5;2022-06-26 23:41:00;1005,4;2022-06-26 17:31:00;0;27,8;2,4;96;9;2022-06-26 07:18:00;110;2022-06-26 07:18:00
X4;27/06/2022;24,9;28;2022-06-27 15:01:00;22,8;2022-06-27 04:46:00;65;95;2022-06-27 01:51:00;42;2022-06-27 15:01:00;1010,8;1014;2022-06-27 21:01:00;1007,7;2022-06-27 03:41:00;0;21,6;2,4;129;9,8;2022-06-27 22:34:00;6;2022-06-27 22:34:00
X4;28/06/2022;25,3;28,7;2022-06-28 17:16:00;21,5;2022-06-28 05:17:00;52;73;2022-06-28 23:59:00;40;2022-06-28 10:57:00;1012;1013,6;2022-06-28 07:01:00;1009,4;2022-06-28 17:00:00;0;29,6;2,5;247;10,4;2022-06-28 16:01:00;223;2022-06-28 16:01:00
X4;29/06/2022;25,1;29,1;2022-06-29 13:59:00;22,1;2022-06-29 04:44:00;66;79;2022-06-29 20:41:00;51;2022-06-29 17:08:00;1010,2;1012,9;2022-06-29 00:00:00;1007,5;2022-06-29 19:44:00;0;29,9;2,2;210;9;2022-06-29 12:55:00;206;2022-06-29 12:55:00
X4;30/06/2022;25,4;29,3;2022-06-30 13:40:00;22,8;2022-06-30 04:22:00;61;83;2022-06-30 19:18:00;40;2022-06-30 16:03:00;1008,8;1012,3;2022-06-30 23:00:00;1007,3;2022-06-30 16:52:00;0;27,6;2,5;203;9,5;2022-06-30 19:39:00;69;2022-06-30 19:39:00
X4;01/07/2022;23,4;25,3;2022-07-01 14:31:00;22,3;2022-07-01 23:57:00;57;70;2022-07-01 00:36:00;44;2022-07-01 06:23:00;1014,1;1016,8;2022-07-01 23:17:00;1011,3;2022-07-01 03:00:00;0;26;2;134;7,4;2022-07-01 14:56:00;128;2022-07-01 14:56:00
X4;02/07/2022;24,2;26,6;2022-07-02 16:31:00;21,6;2022-07-02 04:10:00;58;67;2022-07-02 08:15:00;35;2022-07-02 16:22:00;1015,4;1016,5;2022-07-02 10:32:00;1014,3;2022-07-02 19:39:00;0;27,3;1,7;141;6,1;2022-07-02 10:31:00;76;2022-07-02 10:31:00
X4;03/07/2022;25,6;29;2022-07-03 15:46:00;22,9;2022-07-03 04:30:00;57;78;2022-07-03 07:41:00;28;2022-07-03 21:19:00;1013,8;1015,4;2022-07-03 20:57:00;1010,1;2022-07-03 18:01:00;0;26,3;1,6;123;6,8;2022-07-03 17:57:00;64;2022-07-03 17:57:00
X4;04/07/2022;26,8;31,5;2022-07-04 07:54:00;24,2;2022-07-04 02:46:00;50;75;2022-07-04 23:59:00;19;2022-07-04 09:56:00;1012,8;1014,2;2022-07-04 23:56:00;1011,6;2022-07-04 07:21:00;0;28,8;1,7;100;6,4;2022-07-04 11:54:00;98;2022-07-04 11:54:00
X4;05/07/2022;27;30,6;2022-07-05 09:21:00;24,1;2022-07-05 02:04:00;54;79;2022-07-05 00:10:00;40;2022-07-05 09:32:00;1014,9;1018,9;2022-07-05 20:01:00;1013,1;2022-07-05 22:00:00;1;26,6;1,7;141;10;2022-07-05 20:58:00;24;2022-07-05 20:58:00
X4;06/07/2022;26,3;29,8;2022-07-06 14:18:00;23,2;2022-07-06 23:36:00;56;71;2022-07-06 05:50:00;44;2022-07-06 11:30:00;1015,7;1018,2;2022-07-06 11:46:00;1014,1;2022-07-06 02:04:00;1,2;12,2;2,1;307;11,2;2022-07-06 17:57:00;303;2022-07-06 17:57:00
X4;07/07/2022;26,6;30,4;2022-07-07 17:00:00;22,8;2022-07-07 05:36:00;51;63;2022-07-07 20:07:00;38;2022-07-07 17:03:00;1016,5;1017,4;2022-07-07 12:22:00;1015,4;2022-07-07 17:03:00;0;29,2;2,3;253;7,7;2022-07-07 16:16:00;237;2022-07-07 16:16:00
X4;08/07/2022;26,3;28,7;2022-07-08 17:04:00;23,5;2022-07-08 04:03:00;52;70;2022-07-08 07:35:00;41;2022-07-08 12:11:00;1017,7;1018,9;2022-07-08 21:54:00;1016,3;2022-07-08 02:44:00;0;29,7;2,2;184;8,4;2022-07-08 13:30:00;220;2022-07-08 13:30:00
X4;09/07/2022;26,4;28,6;2022-07-09 11:58:00;23,9;2022-07-09 04:27:00;56;68;2022-07-09 22:02:00;39;2022-07-09 01:02:00;1017,2;1018,8;2022-07-09 10:42:00;1015,4;2022-07-09 23:56:00;0;29,6;1,8;176;7,8;2022-07-09 12:19:00;181;2022-07-09 12:19:00
X4;10/07/2022;27,5;31,2;2022-07-10 13:50:00;24,3;2022-07-10 04:08:00;51;64;2022-07-10 22:04:00;32;2022-07-10 14:05:00;1013,6;1015,6;2022-07-10 00:00:00;1012,2;2022-07-10 23:58:00;0;29,7;1,9;183;8,5;2022-07-10 14:55:00;206;2022-07-10 14:55:00
X4;11/07/2022;26,7;28,9;2022-07-11 09:00:00;25;2022-07-11 21:01:00;55;77;2022-07-11 21:00:00;38;2022-07-11 02:01:00;1012,6;1014,3;2022-07-11 22:30:00;1010,8;2022-07-11 04:03:00;0;29,7;1,9;146;6,4;2022-07-11 11:19:00;136;2022-07-11 11:19:00
X4;12/07/2022;26,6;28,2;2022-07-12 15:56:00;24,8;2022-07-12 04:30:00;63;79;2022-07-12 18:47:00;41;2022-07-12 02:54:00;1015,3;1016,6;2022-07-12 12:00:00;1013,4;2022-07-12 01:14:00;0;28,9;2;130;5,9;2022-07-12 10:16:00;82;2022-07-12 10:16:00
X4;13/07/2022;27,9;31,1;2022-07-13 15:26:00;26,2;2022-07-13 23:49:00;57;84;2022-07-13 20:15:00;31;2022-07-13 06:23:00;1016,3;1017,3;2022-07-13 22:49:00;1014,9;2022-07-13 03:53:00;0;29,2;2,1;170;7,1;2022-07-13 12:32:00;122;2022-07-13 12:32:00
X4;14/07/2022;28,5;32,7;2022-07-14 15:01:00;25;2022-07-14 04:52:00;53;76;2022-07-14 00:27:00;34;2022-07-14 16:41:00;1015,2;1017;2022-07-14 00:00:00;1013,1;2022-07-14 23:59:00;0;28,7;1,9;216;6,7;2022-07-14 14:46:00;194;2022-07-14 14:46:00
X4;15/07/2022;30,8;35;2022-07-15 09:04:00;25,8;2022-07-15 03:11:00;37;50;2022-07-15 02:31:00;27;2022-07-15 22:30:00;1012;1013,2;2022-07-15 00:00:00;1011,1;2022-07-15 17:03:00;0;28,8;1,6;212;6,9;2022-07-15 16:01:00;222;2022-07-15 16:01:00
X4;16/07/2022;29,4;31,5;2022-07-16 10:04:00;27,4;2022-07-16 05:10:00;42;53;2022-07-16 23:04:00;29;2022-07-16 02:30:00;1012,7;1013,6;2022-07-16 22:41:00;1011,3;2022-07-16 04:01:00;0;28,4;1,4;146;5,9;2022-07-16 04:42:00;99;2022-07-16 04:42:00
X4;17/07/2022;28,2;30,6;2022-07-17 11:58:00;26;2022-07-17 23:55:00;49;73;2022-07-17 23:59:00;32;2022-07-17 07:19:00;1014,4;1015,5;2022-07-17 12:05:00;1012,5;2022-07-17 03:10:00;0;28,3;1,6;117;6,4;2022-07-17 12:38:00;118;2022-07-17 12:38:00
X4;18/07/2022;26,3;28,6;2022-07-18 14:51:00;24,8;2022-07-18 02:43:00;75;91;2022-07-18 22:03:00;61;2022-07-18 12:30:00;1014,6;1015,8;2022-07-18 10:30:00;1013,2;2022-07-18 17:27:00;0;28,1;1,9;102;5,7;2022-07-18 10:55:00;143;2022-07-18 10:55:00
X4;19/07/2022;27,1;29,8;2022-07-19 15:52:00;24,3;2022-07-19 04:17:00;74;91;2022-07-19 04:38:00;48;2022-07-19 22:41:00;1013;1013,9;2022-07-19 10:38:00;1011,4;2022-07-19 17:17:00;0;28,3;1,6;145;6,7;2022-07-19 13:07:00;168;2022-07-19 13:07:00
X4;20/07/2022;27,6;29,6;2022-07-20 12:24:00;26,1;2022-07-20 05:01:00;65;77;2022-07-20 09:45:00;45;2022-07-20 06:30:00;1014,8;1016,5;2022-07-20 23:00:00;1012,3;2022-07-20 03:03:00;0;27,4;2,1;85;7,5;2022-07-20 12:24:00;102;2022-07-20 12:24:00
X4;21/07/2022;28,6;32,1;2022-07-21 14:21:00;25,8;2022-07-21 03:19:00;57;70;2022-07-21 21:32:00;45;2022-07-21 08:47:00;1014,8;1016,4;2022-07-21 07:31:00;1013,1;2022-07-21 18:30:00;0;27,8;2,2;236;9,7;2022-07-21 14:33:00;222;2022-07-21 14:33:00
X4;22/07/2022;29,1;33,4;2022-07-22 10:43:00;25,3;2022-07-22 04:56:00;59;76;2022-07-22 22:45:00;41;2022-07-22 10:47:00;1012,4;1013,9;2022-07-22 22:36:00;1010,9;2022-07-22 17:00:00;0;27,9;2,4;240;10;2022-07-22 15:05:00;204;2022-07-22 15:05:00
X4;23/07/2022;27,3;29,3;2022-07-23 14:17:00;25,7;2022-07-23 05:00:00;77;92;2022-07-23 22:28:00;65;2022-07-23 03:37:00;1014,3;1015,5;2022-07-23 10:34:00;1013,1;2022-07-23 17:16:00;0;21,4;2,2;132;7,4;2022-07-23 15:32:00;151;2022-07-23 15:32:00
X4;24/07/2022;28,9;32,7;2022-07-24 15:44:00;25,8;2022-07-24 04:30:00;69;97;2022-07-24 04:30:00;43;2022-07-24 17:06:00;1012,7;1014,6;2022-07-24 00:00:00;1010,5;2022-07-24 17:44:00;0;28,3;2,2;222;8,8;2022-07-24 16:24:00;258;2022-07-24 16:24:00
X4;25/07/2022;27,7;29,5;2022-07-25 12:04:00;26,4;2022-07-25 23:52:00;66;82;2022-07-25 08:41:00;49;2022-07-25 06:18:00;1011,6;1012,8;2022-07-25 11:28:00;1010,5;2022-07-25 04:00:00;0;18,8;2,4;122;8;2022-07-25 09:14:00;76;2022-07-25 09:14:00
X4;26/07/2022;27,3;29,4;2022-07-26 09:31:00;25,8;2022-07-26 05:11:00;65;80;2022-07-26 23:43:00;42;2022-07-26 07:33:00;1011;1012,3;2022-07-26 00:00:00;1009,3;2022-07-26 19:02:00;0;24,2;2,8;219;9,4;2022-07-26 14:04:00;187;2022-07-26 14:04:00
X4;27/07/2022;26,3;28,8;2022-07-27 17:20:00;23,4;2022-07-27 07:01:00;72;100;2022-07-27 04:00:00;57;2022-07-27 17:51:00;1009,7;1011,4;2022-07-27 06:32:00;1007,4;2022-07-27 18:10:00;2,9;13,4;2,2;201;7,7;2022-07-27 16:22:00;159;2022-07-27 16:22:00
X4;28/07/2022;27,4;31,2;2022-07-28 12:06:00;24,1;2022-07-28 06:10:00;69;100;2022-07-28 06:02:00;51;2022-07-28 12:31:00;1009,3;1010,9;2022-07-28 23:07:00;1008,1;2022-07-28 03:08:00;2,6;19,3;1,9;190;7,7;2022-07-28 12:45:00;233;2022-07-28 12:45:00
X4;29/07/2022;26,7;29,4;2022-07-29 11:10:00;25,1;2022-07-29 23:02:00;68;75;2022-07-29 02:05:00;55;2022-07-29 16:06:00;1011,8;1014,7;2022-07-29 22:54:00;1009,4;2022-07-29 04:09:00;0,3;16,8;2,2;79;10,2;2022-07-29 12:39:00;93;2022-07-29 12:39:00
X4;30/07/2022;27,4;31,4;2022-07-30 14:37:00;24,5;2022-07-30 02:22:00;56;74;2022-07-30 02:03:00;38;2022-07-30 13:41:00;1014,7;1016,5;2022-07-30 23:19:00;1013,7;2022-07-30 16:54:00;0;23,8;2,1;197;8,4;2022-07-30 15:00:00;228;2022-07-30 15:00:00
X4;31/07/2022;28,9;32,6;2022-07-31 13:00:00;25,7;2022-07-31 03:30:00;53;68;2022-07-31 03:30:00;36;2022-07-31 13:31:00;1013,7;1015,9;2022-07-31 00:00:00;1012,3;2022-07-31 17:49:00;0;27,2;2,1;211;7,9;2022-07-31 13:34:00;205;2022-07-31 13:34:00
X4;01/08/2022;30,3;34,3;2022-08-01 12:42:00;26,6;2022-08-01 04:38:00;46;61;2022-08-01 06:07:00;29;2022-08-01 12:38:00;1012,3;1013,3;2022-08-01 10:12:00;1011,1;2022-08-01 16:45:00;0;27,4;2,1;215;8,2;2022-08-01 14:33:00;202;2022-08-01 14:33:00
X4;02/08/2022;30,6;34,2;2022-08-02 10:33:00;28,3;2022-08-02 04:42:00;48;59;2022-08-02 20:30:00;32;2022-08-02 10:37:00;1011,4;1012,3;2022-08-02 10:08:00;1010,1;2022-08-02 16:34:00;0;27,3;2,3;233;8,5;2022-08-02 14:16:00;197;2022-08-02 14:16:00
X4;03/08/2022;30,2;33,2;2022-08-03 13:48:00;27,3;2022-08-03 05:00:00;48;59;2022-08-03 10:02:00;37;2022-08-03 07:40:00;1010,1;1011,5;2022-08-03 20:35:00;1009,3;2022-08-03 04:30:00;0;27,5;2,3;247;7,9;2022-08-03 11:44:00;238;2022-08-03 11:44:00
X4;04/08/2022;29,7;33,3;2022-08-04 12:37:00;27,1;2022-08-04 04:49:00;56;81;2022-08-04 23:41:00;38;2022-08-04 12:32:00;1010,6;1011,5;2022-08-04 23:30:00;1009,8;2022-08-04 17:30:00;0;27,2;2,2;224;8,4;2022-08-04 12:47:00;186;2022-08-04 12:47:00
X4;05/08/2022;27,8;32;2022-08-05 14:50:00;20,2;2022-08-05 16:01:00;62;100;2022-08-05 16:00:00;43;2022-08-05 20:02:00;1011,6;1014,1;2022-08-05 16:09:00;1010,5;2022-08-05 03:00:00;10,7;22,2;2,1;187;13;2022-08-05 15:34:00;46;2022-08-05 15:34:00
X4;06/08/2022;29,3;33,2;2022-08-06 13:58:00;25;2022-08-06 04:34:00;50;72;2022-08-06 21:24:00;34;2022-08-06 10:13:00;1012,2;1013,5;2022-08-06 10:19:00;1011;2022-08-06 22:18:00;0;25,7;1,9;206;8,6;2022-08-06 15:15:00;227;2022-08-06 15:15:00
X4;07/08/2022;28,9;31,9;2022-08-07 14:08:00;26,8;2022-08-07 04:21:00;49;65;2022-08-07 00:00:00;38;2022-08-07 18:08:00;1011,3;1012,8;2022-08-07 09:30:00;1009,6;2022-08-07 19:26:00;0;23,1;1,8;84;7,7;2022-08-07 19:51:00;318;2022-08-07 19:51:00
X4;08/08/2022;28,4;31,4;2022-08-08 10:51:00;25,6;2022-08-08 04:43:00;51;67;2022-08-08 22:45:00;37;2022-08-08 10:51:00;1012,2;1013,2;2022-08-08 22:00:00;1010,5;2022-08-08 02:16:00;0;26,7;1,7;134;6,9;2022-08-08 12:52:00;103;2022-08-08 12:52:00
X4;09/08/2022;28,7;31,5;2022-08-09 11:53:00;26,6;2022-08-09 04:28:00;59;77;2022-08-09 19:15:00;39;2022-08-09 23:50:00;1013,5;1014,7;2022-08-09 10:40:00;1012,4;2022-08-09 03:34:00;0;26,5;1,9;139;6,5;2022-08-09 08:57:00;79;2022-08-09 08:57:00
X4;10/08/2022;29,9;33,5;2022-08-10 09:38:00;26;2022-08-10 04:28:00;49;63;2022-08-10 22:55:00;30;2022-08-10 09:28:00;1012,1;1013,4;2022-08-10 00:30:00;1010,6;2022-08-10 16:51:00;0;26,5;2,2;235;9,2;2022-08-10 15:01:00;260;2022-08-10 15:01:00
X4;11/08/2022;29,5;32,7;2022-08-11 14:08:00;26,2;2022-08-11 04:42:00;53;66;2022-08-11 21:52:00;34;2022-08-11 14:08:00;1011,5;1012,3;2022-08-11 08:45:00;1010,5;2022-08-11 17:40:00;0;26;1,9;217;6,8;2022-08-11 15:18:00;202;2022-08-11 15:18:00
X4;12/08/2022;30;33,6;2022-08-12 11:38:00;26,9;2022-08-12 05:02:00;60;72;2022-08-12 05:05:00;45;2022-08-12 16:18:00;1008,6;1011,3;2022-08-12 00:00:00;1006,6;2022-08-12 15:36:00;0;25,6;2,9;252;10,5;2022-08-12 13:16:00;264;2022-08-12 13:16:00
X4;13/08/2022;29,1;32,2;2022-08-13 08:34:00;27,2;2022-08-13 04:30:00;68;87;2022-08-13 18:07:00;41;2022-08-13 08:32:00;1007;1008,3;2022-08-13 18:19:00;1005,6;2022-08-13 04:54:00;0;20,6;1,9;131;7;2022-08-13 17:54:00;76;2022-08-13 17:54:00
X4;14/08/2022;29,7;35,5;2022-08-14 13:31:00;26,5;2022-08-14 23:50:00;53;78;2022-08-14 00:00:00;24;2022-08-14 10:41:00;1004,2;1006,6;2022-08-14 00:00:00;1002,4;2022-08-14 14:36:00;0;21,1;2,8;159;12,5;2022-08-14 06:01:00;319;2022-08-14 06:01:00
X4;15/08/2022;27,4;29,6;2022-08-15 11:38:00;25,8;2022-08-15 05:04:00;58;66;2022-08-15 18:08:00;43;2022-08-15 08:06:00;1004,4;1006;2022-08-15 23:00:00;1003,5;2022-08-15 05:31:00;0;25,6;2,3;96;8,7;2022-08-15 11:22:00;92;2022-08-15 11:22:00
X4;16/08/2022;27,3;30;2022-08-16 13:58:00;25,1;2022-08-16 05:11:00;68;83;2022-08-16 21:32:00;53;2022-08-16 07:30:00;1004,3;1005,8;2022-08-16 10:52:00;1002,8;2022-08-16 16:48:00;0;17;1,6;123;6,2;2022-08-16 12:32:00;103;2022-08-16 12:32:00
X4;17/08/2022;26,1;29,8;2022-08-17 14:03:00;20,9;2022-08-17 20:19:00;65;97;2022-08-17 20:15:00;46;2022-08-17 12:12:00;1004,6;1008,8;2022-08-17 23:19:00;1003,1;2022-08-17 11:41:00;4,1;16,7;2,2;59;9,4;2022-08-17 20:09:00;251;2022-08-17 20:09:00
X4;18/08/2022;22,7;27;2022-08-18 11:41:00;20,4;2022-08-18 00:59:00;62;89;2022-08-18 00:42:00;40;2022-08-18 11:21:00;1009,3;1012,7;2022-08-18 23:30:00;1005,9;2022-08-18 01:40:00;5,6;15,8;2,1;316;8,7;2022-08-18 04:48:00;315;2022-08-18 04:48:00
X4;19/08/2022;24,6;29;2022-08-19 10:40:00;20,4;2022-08-19 02:54:00;54;69;2022-08-19 02:49:00;33;2022-08-19 10:40:00;1013,8;1015,7;2022-08-19 22:00:00;1012;2022-08-19 02:28:00;0;26,3;1,8;104;6;2022-08-19 08:10:00;359;2022-08-19 08:10:00
X4;20/08/2022;26,9;31;2022-08-20 12:44:00;23,4;2022-08-20 05:30:00;59;69;2022-08-20 19:15:00;38;2022-08-20 12:39:00;1013,6;1015,3;2022-08-20 07:30:00;1011,5;2022-08-20 17:21:00;0;25,9;2,3;260;9,6;2022-08-20 14:47:00;212;2022-08-20 14:47:00
X4;21/08/2022;26,4;30,5;2022-08-21 12:59:00;21,6;2022-08-21 16:42:00;70;88;2022-08-21 17:55:00;58;2022-08-21 13:50:00;1010,9;1012,9;2022-08-21 01:00:00;1008,4;2022-08-21 15:34:00;5,4;19,4;1,7;143;12,1;2022-08-21 16:30:00;24;2022-08-21 16:30:00
X4;22/08/2022;26,3;28,8;2022-08-22 14:56:00;24,6;2022-08-22 05:01:00;68;82;2022-08-22 02:30:00;54;2022-08-22 11:00:00;1009,6;1010,4;2022-08-22 10:30:00;1008,8;2022-08-22 17:25:00;0;21,3;1,7;118;6,7;2022-08-22 14:09:00;163;2022-08-22 14:09:00
X4;23/08/2022;27,3;30,4;2022-08-23 15:17:00;24,3;2022-08-23 04:30:00;65;76;2022-08-23 04:30:00;50;2022-08-23 15:36:00;1010,2;1011,5;2022-08-23 22:30:00;1008,8;2022-08-23 17:01:00;0;25,1;2;205;8,8;2022-08-23 14:28:00;217;2022-08-23 14:28:00
X4;24/08/2022;28,1;31,9;2022-08-24 13:21:00;25,6;2022-08-24 04:31:00;65;77;2022-08-24 04:31:00;46;2022-08-24 13:02:00;1010,6;1012,6;2022-08-24 22:00:00;1009,4;2022-08-24 16:41:00;0;23,7;2,1;213;7,6;2022-08-24 15:15:00;225;2022-08-24 15:15:00
X4;25/08/2022;27,4;29,4;2022-08-25 14:13:00;24,8;2022-08-25 22:04:00;62;80;2022-08-25 18:21:00;45;2022-08-25 08:01:00;1010,7;1012,5;2022-08-25 10:00:00;1008,4;2022-08-25 00:50:00;0,4;21,6;2,5;1;9,2;2022-08-25 20:01:00;347;2022-08-25 20:01:00
X4;26/08/2022;27,9;32,6;2022-08-26 10:41:00;24;2022-08-26 05:30:00;52;64;2022-08-26 17:18:00;34;2022-08-26 10:41:00;1009,6;1011,2;2022-08-26 07:08:00;1007,6;2022-08-26 16:35:00;0;21,5;1,9;246;8,1;2022-08-26 14:39:00;253;2022-08-26 14:39:00
X4;27/08/2022;27,7;30,4;2022-08-27 16:10:00;25,8;2022-08-27 04:14:00;63;71;2022-08-27 13:08:00;51;2022-08-27 16:07:00;1008,1;1009,4;2022-08-27 22:00:00;1007,1;2022-08-27 16:45:00;0;20;2,1;231;8,3;2022-08-27 13:53:00;203;2022-08-27 13:53:00
X4;28/08/2022;27,8;31,5;2022-08-28 13:01:00;24,5;2022-08-28 05:34:00;63;72;2022-08-28 04:32:00;48;2022-08-28 14:06:00;1009,8;1011,9;2022-08-28 21:30:00;1008,6;2022-08-28 04:01:00;0;21,7;2,5;269;10,3;2022-08-28 14:26:00;229;2022-08-28 14:26:00
X4;29/08/2022;28;31,1;2022-08-29 16:05:00;24,8;2022-08-29 04:49:00;61;76;2022-08-29 04:03:00;41;2022-08-29 09:10:00;1012,1;1013,9;2022-08-29 11:00:00;1011;2022-08-29 21:49:00;0;19;2,1;273;9,9;2022-08-29 13:29:00;227;2022-08-29 13:29:00
X4;30/08/2022;28,5;32,1;2022-08-30 13:52:00;25,6;2022-08-30 05:35:00;64;80;2022-08-30 22:02:00;55;2022-08-30 01:57:00;1012;1013,8;2022-08-30 09:30:00;1009,6;2022-08-30 17:31:00;0;21,9;2,1;250;10,6;2022-08-30 16:24:00;244;2022-08-30 16:24:00
X4;31/08/2022;25;30,9;2022-08-31 13:33:00;18;2022-08-31 16:58:00;76;100;2022-08-31 17:00:00;43;2022-08-31 13:36:00;1011,6;1014,3;2022-08-31 16:44:00;1010,5;2022-08-31 18:46:00;32,7;9,8;1,8;74;15,6;2022-08-31 16:42:00;343;2022-08-31 16:42:00
X4;01/09/2022;26;29,6;2022-09-01 11:20:00;21,5;2022-09-01 05:11:00;60;72;2022-09-01 23:53:00;37;2022-09-01 08:10:00;1010,2;1011,6;2022-09-01 09:00:00;1008,7;2022-09-01 18:25:00;0;23,5;1,4;180;6,1;2022-09-01 13:32:00;197;2022-09-01 13:32:00
X4;02/09/2022;26,4;29,4;2022-09-02 13:09:00;24,1;2022-09-02 18:30:00;66;83;2022-09-02 15:00:00;50;2022-09-02 19:30:00;1007,6;1009,3;2022-09-02 00:00:00;1005,8;2022-09-02 17:12:00;0;16,9;1,7;75;9,3;2022-09-02 17:42:00;78;2022-09-02 17:42:00
X4;03/09/2022;25,6;28,3;2022-09-03 12:56:00;23,3;2022-09-03 03:14:00;70;83;2022-09-03 18:53:00;55;2022-09-03 09:12:00;1008,7;1010,3;2022-09-03 23:58:00;1007,4;2022-09-03 03:08:00;0;17,3;2,4;67;8,3;2022-09-03 12:09:00;114;2022-09-03 12:09:00
X4;04/09/2022;26,3;28,8;2022-09-04 09:10:00;23,8;2022-09-04 04:30:00;75;82;2022-09-04 23:00:00;59;2022-09-04 09:10:00;1012,7;1015;2022-09-04 23:30:00;1010,2;2022-09-04 00:00:00;0;20,5;1,9;79;6,3;2022-09-04 11:53:00;115;2022-09-04 11:53:00
X4;05/09/2022;27;29,4;2022-09-05 12:31:00;25;2022-09-05 04:14:00;77;95;2022-09-05 22:43:00;61;2022-09-05 07:58:00;1014,1;1015,7;2022-09-05 09:09:00;1012,7;2022-09-05 17:44:00;0;16,1;1,8;80;6,5;2022-09-05 10:10:00;61;2022-09-05 10:10:00
X4;06/09/2022;27,8;31,7;2022-09-06 11:58:00;25,1;2022-09-06 23:58:00;69;84;2022-09-06 03:00:00;52;2022-09-06 12:08:00;1011,5;1013,3;2022-09-06 00:30:00;1009,7;2022-09-06 18:37:00;0;22,3;1,9;213;9,2;2022-09-06 13:33:00;248;2022-09-06 13:33:00
X4;07/09/2022;26,7;29,8;2022-09-07 13:43:00;24;2022-09-07 05:07:00;70;80;2022-09-07 08:32:00;57;2022-09-07 16:17:00;1009,3;1011,4;2022-09-07 09:00:00;1007,6;2022-09-07 18:06:00;0;18,7;2;155;7,7;2022-09-07 09:18:00;77;2022-09-07 09:18:00
X4;08/09/2022;26,4;29,2;2022-09-08 15:33:00;25;2022-09-08 04:41:00;52;70;2022-09-08 00:21:00;33;2022-09-08 11:50:00;1010,5;1012,4;2022-09-08 10:30:00;1008,1;2022-09-08 00:41:00;0;14,5;2,1;172;7;2022-09-08 16:38:00;228;2022-09-08 16:38:00
X4;09/09/2022;25,4;27,8;2022-09-09 08:49:00;23,6;2022-09-09 23:00:00;59;68;2022-09-09 10:34:00;45;2022-09-09 07:19:00;1013,1;1015,9;2022-09-09 23:21:00;1011,1;2022-09-09 03:33:00;0;15,6;2,5;72;8,3;2022-09-09 17:14:00;85;2022-09-09 17:14:00
X4;10/09/2022;25,7;28,6;2022-09-10 16:00:00;22,7;2022-09-10 04:33:00;62;74;2022-09-10 23:56:00;54;2022-09-10 10:05:00;1014,7;1016,6;2022-09-10 09:31:00;1013;2022-09-10 17:30:00;0;19,4;1,7;211;8,2;2022-09-10 13:06:00;172;2022-09-10 13:06:00
X4;11/09/2022;26,4;28,2;2022-09-11 15:31:00;25,4;2022-09-11 10:07:00;73;84;2022-09-11 17:21:00;66;2022-09-11 18:04:00;1012,2;1013,8;2022-09-11 10:00:00;1010,3;2022-09-11 18:00:00;0;14;1,6;99;6,4;2022-09-11 13:36:00;72;2022-09-11 13:36:00
X4;12/09/2022;27,3;30,1;2022-09-12 12:32:00;24,9;2022-09-12 04:00:00;72;79;2022-09-12 06:02:00;61;2022-09-12 22:36:00;1009,1;1011;2022-09-12 00:00:00;1007,4;2022-09-12 17:38:00;0;18,9;1,7;187;6,8;2022-09-12 11:29:00;166;2022-09-12 11:29:00
X4;13/09/2022;27,9;32;2022-09-13 11:51:00;25,7;2022-09-13 03:41:00;58;91;2022-09-13 04:30:00;33;2022-09-13 14:12:00;1007,1;1008,6;2022-09-13 08:33:00;1005;2022-09-13 18:43:00;0,1;9,5;2;14;11,1;2022-09-13 11:54:00;304;2022-09-13 11:54:00
X4;14/09/2022;25,6;27,5;2022-09-14 15:20:00;22;2022-09-14 02:39:00;61;75;2022-09-14 02:36:00;47;2022-09-14 00:08:00;1005,4;1007,1;2022-09-14 22:00:00;1003,3;2022-09-14 04:56:00;0,6;6,4;2,4;301;16,8;2022-09-14 02:07:00;319;2022-09-14 02:07:00
X4;15/09/2022;26,2;29;2022-09-15 13:51:00;22,8;2022-09-15 05:00:00;63;75;2022-09-15 21:05:00;52;2022-09-15 07:56:00;1007,4;1009,1;2022-09-15 21:00:00;1005,7;2022-09-15 03:11:00;0;21,3;1,8;125;6,5;2022-09-15 14:20:00;176;2022-09-15 14:20:00
X4;16/09/2022;24,7;27,4;2022-09-16 08:28:00;21,3;2022-09-16 21:10:00;70;100;2022-09-16 21:01:00;55;2022-09-16 07:54:00;1008;1009,8;2022-09-16 10:30:00;1006,1;2022-09-16 17:48:00;5,2;11,2;1,9;142;7,7;2022-09-16 20:46:00;87;2022-09-16 20:46:00
X4;17/09/2022;23,1;26,1;2022-09-17 11:41:00;21,2;2022-09-17 06:05:00;57;86;2022-09-17 01:30:00;38;2022-09-17 22:42:00;1010,2;1012,9;2022-09-17 23:30:00;1007,7;2022-09-17 03:07:00;0;15,2;2;134;7,2;2022-09-17 13:11:00;172;2022-09-17 13:11:00
X4;18/09/2022;22,4;24,8;2022-09-18 14:05:00;20,1;2022-09-18 06:00:00;51;67;2022-09-18 22:31:00;35;2022-09-18 07:41:00;1012,9;1014,1;2022-09-18 10:30:00;1011,8;2022-09-18 03:07:00;0;20,2;1,8;129;7;2022-09-18 13:27:00;201;2022-09-18 13:27:00
X4;19/09/2022;23,1;26;2022-09-19 14:07:00;20,4;2022-09-19 05:42:00;64;75;2022-09-19 04:42:00;51;2022-09-19 12:15:00;1012,2;1013,1;2022-09-19 22:30:00;1011,1;2022-09-19 04:37:00;0;19,9;1,4;119;5,9;2022-09-19 08:57:00;69;2022-09-19 08:57:00
X4;20/09/2022;22,9;25;2022-09-20 13:12:00;21,5;2022-09-20 06:02:00;63;73;2022-09-20 02:48:00;53;2022-09-20 12:07:00;1013,8;1015,1;2022-09-20 21:30:00;1012,7;2022-09-20 01:38:00;0;17,5;1,6;98;6;2022-09-20 11:58:00;142;2022-09-20 11:58:00
X4;21/09/2022;22,5;24,8;2022-09-21 13:27:00;20,8;2022-09-21 03:16:00;59;77;2022-09-21 03:24:00;48;2022-09-21 11:05:00;1014,2;1015,1;2022-09-21 20:30:00;1012,8;2022-09-21 16:10:00;0;19,2;2,1;70;7;2022-09-21 16:01:00;77;2022-09-21 16:01:00
X4;22/09/2022;22,5;25,1;2022-09-22 12:20:00;20,6;2022-09-22 04:00:00;56;66;2022-09-22 23:00:00;45;2022-09-22 12:35:00;1014,8;1015,9;2022-09-22 22:30:00;1013,6;2022-09-22 03:31:00;0;19,1;2,4;68;7,8;2022-09-22 10:20:00;89;2022-09-22 10:20:00
X4;23/09/2022;22,8;26,1;2022-09-23 13:54:00;17,1;2022-09-23 23:58:00;66;100;2022-09-23 23:52:00;51;2022-09-23 13:54:00;1013,3;1015,5;2022-09-23 09:00:00;1009,5;2022-09-23 23:22:00;8,7;15;2;201;12,6;2022-09-23 23:41:00;310;2022-09-23 23:41:00
X4;24/09/2022;20,4;22,7;2022-09-24 11:59:00;16,8;2022-09-24 00:06:00;74;100;2022-09-24 01:02:00;57;2022-09-24 15:18:00;1009;1010,8;2022-09-24 00:00:00;1007,5;2022-09-24 17:00:00;4,4;9,5;2,5;65;7,9;2022-09-24 18:56:00;76;2022-09-24 18:56:00
X4;25/09/2022;20,3;23,2;2022-09-25 10:21:00;17,5;2022-09-25 05:32:00;56;72;2022-09-25 02:32:00;45;2022-09-25 10:27:00;1009,2;1010,2;2022-09-25 22:30:00;1008,3;2022-09-25 15:00:00;0;17,5;1,9;53;6,3;2022-09-25 12:38:00;154;2022-09-25 12:38:00
X4;26/09/2022;21,3;25,6;2022-09-26 15:00:00;17,2;2022-09-26 06:13:00;45;65;2022-09-26 05:34:00;28;2022-09-26 17:01:00;1007,9;1009,7;2022-09-26 00:00:00;1006,2;2022-09-26 16:14:00;0;19,3;2,3;293;10,9;2022-09-26 16:55:00;300;2022-09-26 16:55:00
X4;27/09/2022;20,5;24,9;2022-09-27 13:07:00;16,7;2022-09-27 05:04:00;49;67;2022-09-27 22:52:00;35;2022-09-27 11:24:00;1006,8;1008,5;2022-09-27 21:03:00;1005,2;2022-09-27 04:32:00;0;15,6;2,1;317;10;2022-09-27 04:44:00;309;2022-09-27 04:44:00
X4;28/09/2022;21,4;26,4;2022-09-28 14:43:00;17,3;2022-09-28 04:15:00;48;70;2022-09-28 22:01:00;32;2022-09-28 15:01:00;1003,5;1007,7;2022-09-28 00:00:00;1000,3;2022-09-28 17:32:00;0;12,8;2,8;299;9,9;2022-09-28 17:18:00;317;2022-09-28 17:18:00
X4;29/09/2022;19,9;25;2022-09-29 12:41:00;17,1;2022-09-29 23:20:00;57;76;2022-09-29 19:15:00;33;2022-09-29 12:42:00;999,7;1001,9;2022-09-29 23:30:00;997,7;2022-09-29 16:04:00;0;15,2;2,6;20;11,7;2022-09-29 05:55:00;337;2022-09-29 05:55:00
X4;30/09/2022;18,8;22;2022-09-30 10:30:00;15,9;2022-09-30 05:08:00;55;72;2022-09-30 20:47:00;36;2022-09-30 10:30:00;1007,7;1015,1;2022-09-30 23:56:00;1001,6;2022-09-30 00:00:00;0;18,2;2,3;288;9;2022-09-30 15:03:00;212;2022-09-30 15:03:00
X4;01/10/2022;20,4;25,2;2022-10-01 14:46:00;16,1;2022-10-01 06:02:00;50;68;2022-10-01 02:06:00;33;2022-10-01 11:38:00;1019,7;1023;2022-10-01 23:56:00;1015;2022-10-01 00:00:00;0;19;2,1;286;7,7;2022-10-01 16:45:00;255;2022-10-01 16:45:00
X4;02/10/2022;22,4;27,5;2022-10-02 13:42:00;18,4;2022-10-02 05:20:00;57;74;2022-10-02 19:30:00;32;2022-10-02 13:45:00;1021;1023,1;2022-10-02 07:54:00;1018,8;2022-10-02 16:40:00;0;18,6;2,3;259;10,4;2022-10-02 12:23:00;257;2022-10-02 12:23:00
X4;03/10/2022;21,7;24,5;2022-10-03 13:20:00;19;2022-10-03 05:45:00;69;77;2022-10-03 23:30:00;58;2022-10-03 13:17:00;1017,4;1019,5;2022-10-03 00:00:00;1015,8;2022-10-03 19:08:00;0;17,2;1,3;193;6,2;2022-10-03 14:48:00;162;2022-10-03 14:48:00
X4;04/10/2022;21,7;24,7;2022-10-04 13:13:00;19,6;2022-10-04 04:11:00;67;82;2022-10-04 02:37:00;44;2022-10-04 13:27:00;1017,5;1019,7;2022-10-04 23:30:00;1015,2;2022-10-04 03:44:00;0;18;1,4;85;5,1;2022-10-04 15:01:00;122;2022-10-04 15:01:00
X4;05/10/2022;21,4;23,8;2022-10-05 13:21:00;18,8;2022-10-05 03:19:00;72;82;2022-10-05 05:07:00;62;2022-10-05 10:18:00;1020,5;1022,6;2022-10-05 23:30:00;1019;2022-10-05 03:34:00;0;17,2;1,7;66;6,2;2022-10-05 14:02:00;93;2022-10-05 14:02:00
X4;06/10/2022;21,6;24;2022-10-06 13:11:00;19,9;2022-10-06 05:56:00;67;74;2022-10-06 00:00:00;59;2022-10-06 22:00:00;1022,7;1024,3;2022-10-06 09:30:00;1021,6;2022-10-06 23:58:00;0;14,5;2,6;59;11,4;2022-10-06 09:47:00;62;2022-10-06 09:47:00
X4;07/10/2022;20;21,5;2022-10-07 17:06:00;18,1;2022-10-07 12:07:00;77;100;2022-10-07 12:30:00;61;2022-10-07 00:00:00;1018,1;1021,8;2022-10-07 00:06:00;1015,3;2022-10-07 23:49:00;12,1;2,5;1,9;43;8,9;2022-10-07 15:41:00;54;2022-10-07 15:41:00
X4;08/10/2022;20,3;21,9;2022-10-08 12:18:00;19;2022-10-08 04:02:00;76;93;2022-10-08 01:03:00;64;2022-10-08 20:03:00;1015,4;1016,5;2022-10-08 10:11:00;1014,3;2022-10-08 03:31:00;0;12,1;2;63;7,5;2022-10-08 14:30:00;99;2022-10-08 14:30:00
X4;09/10/2022;20,3;22,2;2022-10-09 14:54:00;18;2022-10-09 05:38:00;75;89;2022-10-09 04:32:00;62;2022-10-09 11:40:00;1014;1015,6;2022-10-09 00:30:00;1012,3;2022-10-09 15:47:00;0;11,8;1,3;133;5;2022-10-09 13:54:00;131;2022-10-09 13:54:00
X4;10/10/2022;20,9;22,9;2022-10-10 09:30:00;19,3;2022-10-10 05:42:00;79;91;2022-10-10 05:43:00;68;2022-10-10 09:30:00;1014,5;1016,2;2022-10-10 22:01:00;1013;2022-10-10 04:01:00;0;13,6;1,6;87;5,6;2022-10-10 12:43:00;80;2022-10-10 12:43:00
X4;11/10/2022;20,3;22,8;2022-10-11 12:30:00;18,4;2022-10-11 03:33:00;76;85;2022-10-11 03:31:00;65;2022-10-11 12:06:00;1015,9;1017;2022-10-11 09:30:00;1014,9;2022-10-11 05:00:00;0;8,6;2,1;55;7,5;2022-10-11 14:11:00;76;2022-10-11 14:11:00
X4;12/10/2022;21;24,2;2022-10-12 09:41:00;18,7;2022-10-12 04:05:00;65;77;2022-10-12 23:31:00;45;2022-10-12 09:42:00;1016,9;1019,4;2022-10-12 21:30:00;1015,3;2022-10-12 03:37:00;0;15,8;1,5;62;5,7;2022-10-12 11:55:00;88;2022-10-12 11:55:00
X4;13/10/2022;22,2;26;2022-10-13 12:23:00;19;2022-10-13 05:06:00;63;79;2022-10-13 00:22:00;47;2022-10-13 14:00:00;1017,8;1019,1;2022-10-13 08:09:00;1015,9;2022-10-13 15:46:00;0;15,1;1,9;252;8,9;2022-10-13 16:48:00;262;2022-10-13 16:48:00
X4;14/10/2022;21,6;24,9;2022-10-14 10:03:00;18,8;2022-10-14 04:19:00;73;100;2022-10-14 23:44:00;48;2022-10-14 10:03:00;1016,1;1017,5;2022-10-14 09:00:00;1014,8;2022-10-14 23:56:00;0;15,5;1,4;77;5,8;2022-10-14 10:45:00;77;2022-10-14 10:45:00
X4;15/10/2022;22,2;25,9;2022-10-15 13:16:00;18,7;2022-10-15 05:25:00;82;100;2022-10-15 00:30:00;61;2022-10-15 12:28:00;1012,5;1015;2022-10-15 00:08:00;1010,5;2022-10-15 17:00:00;0;14,7;1,6;242;7,5;2022-10-15 12:48:00;183;2022-10-15 12:48:00
X4;16/10/2022;22,4;25,2;2022-10-16 11:35:00;20,1;2022-10-16 06:04:00;82;94;2022-10-16 19:00:00;68;2022-10-16 11:36:00;1014,8;1018,3;2022-10-16 23:45:00;1011,9;2022-10-16 01:40:00;0;12,8;1,2;117;4,9;2022-10-16 14:10:00;144;2022-10-16 14:10:00
X4;17/10/2022;22,5;24,6;2022-10-17 11:52:00;21,2;2022-10-17 06:00:00;89;100;2022-10-17 20:00:00;77;2022-10-17 12:00:00;1020,6;1023,2;2022-10-17 23:00:00;1017,9;2022-10-17 03:46:00;0;9,9;2,1;70;7,4;2022-10-17 12:15:00;100;2022-10-17 12:15:00
X4;18/10/2022;22,3;25,1;2022-10-18 11:04:00;20,5;2022-10-18 05:15:00;88;100;2022-10-18 23:30:00;64;2022-10-18 10:25:00;1021,6;1023,4;2022-10-18 09:30:00;1019,8;2022-10-18 23:59:00;0;13,4;1,2;89;4,8;2022-10-18 11:32:00;125;2022-10-18 11:32:00
X4;19/10/2022;22,4;25,2;2022-10-19 14:04:00;20,4;2022-10-19 02:42:00;85;100;2022-10-19 03:00:00;68;2022-10-19 14:05:00;1016,2;1020;2022-10-19 00:00:00;1013,7;2022-10-19 22:44:00;0;9,2;1,2;212;5,7;2022-10-19 17:50:00;284;2022-10-19 17:50:00
X4;20/10/2022;22,8;25;2022-10-20 15:00:00;21,1;2022-10-20 05:30:00;81;100;2022-10-20 20:30:00;59;2022-10-20 15:14:00;1013;1014,5;2022-10-20 11:03:00;1011;2022-10-20 20:24:00;0;6,1;1,1;102;6,8;2022-10-20 23:14:00;332;2022-10-20 23:14:00
X4;21/10/2022;23,4;26,5;2022-10-21 13:05:00;21,2;2022-10-21 04:30:00;65;72;2022-10-21 20:02:00;54;2022-10-21 15:41:00;1010,6;1012,2;2022-10-21 22:02:00;1009,2;2022-10-21 14:07:00;0;12,9;2;256;9,1;2022-10-21 13:48:00;228;2022-10-21 13:48:00
X4;22/10/2022;22,9;26,9;2022-10-22 13:02:00;20,5;2022-10-22 04:11:00;50;62;2022-10-22 23:54:00;33;2022-10-22 11:45:00;1012,5;1014,1;2022-10-22 10:30:00;1011;2022-10-22 03:06:00;0;10,6;1,5;260;7;2022-10-22 08:51:00;310;2022-10-22 08:51:00
X4;23/10/2022;22,8;26,4;2022-10-23 14:04:00;20,9;2022-10-23 06:00:00;70;87;2022-10-23 17:45:00;52;2022-10-23 14:44:00;1012,2;1013,6;2022-10-23 11:30:00;1010,6;2022-10-23 16:20:00;0;6,8;1;218;5;2022-10-23 21:34:00;254;2022-10-23 21:34:00
X4;24/10/2022;23,6;27,7;2022-10-24 12:27:00;20,5;2022-10-24 06:16:00;57;88;2022-10-24 01:40:00;35;2022-10-24 16:23:00;1013,2;1015,2;2022-10-24 22:00:00;1011,7;2022-10-24 04:21:00;0;12,2;1,6;253;7,8;2022-10-24 16:21:00;315;2022-10-24 16:21:00
X4;25/10/2022;22,6;25,7;2022-10-25 12:16:00;20,2;2022-10-25 06:11:00;68;93;2022-10-25 23:14:00;43;2022-10-25 10:22:00;1013,9;1015,2;2022-10-25 08:30:00;1012,8;2022-10-25 16:38:00;0;12,2;1,3;207;5,2;2022-10-25 11:38:00;196;2022-10-25 11:38:00
X4;26/10/2022;22,2;26;2022-10-26 10:54:00;20,1;2022-10-26 03:53:00;86;100;2022-10-26 23:30:00;51;2022-10-26 10:55:00;1016;1019,2;2022-10-26 21:55:00;1013,3;2022-10-26 03:32:00;0;11,7;1;147;4,3;2022-10-26 14:09:00;164;2022-10-26 14:09:00
X4;27/10/2022;20,2;21,8;2022-10-27 13:08:00;18,8;2022-10-27 06:20:00;90;100;2022-10-27 23:30:00;64;2022-10-27 08:08:00;1020,8;1022,4;2022-10-27 22:00:00;1018,5;2022-10-27 01:00:00;0;10,6;1,8;82;5,9;2022-10-27 12:04:00;95;2022-10-27 12:04:00
X4;28/10/2022;19,3;22,8;2022-10-28 12:56:00;17,2;2022-10-28 06:00:00;94;100;2022-10-28 23:30:00;67;2022-10-28 13:03:00;1022;1023,5;2022-10-28 10:30:00;1021,1;2022-10-28 03:20:00;0;10,6;1,3;83;4,2;2022-10-28 13:59:00;134;2022-10-28 13:59:00
X4;29/10/2022;18,7;21;2022-10-29 14:39:00;17,1;2022-10-29 03:34:00;85;100;2022-10-29 21:16:00;56;2022-10-29 04:05:00;1019,5;1021,3;2022-10-29 00:00:00;1017,8;2022-10-29 23:56:00;0;6,6;1;71;3,9;2022-10-29 11:59:00;143;2022-10-29 11:59:00
X4;30/10/2022;19,8;23;2022-10-30 11:54:00;16,9;2022-10-30 05:15:00;83;100;2022-10-30 20:30:00;60;2022-10-30 10:00:00;1017,2;1018,1;2022-10-30 10:30:00;1016,3;2022-10-30 15:00:00;0;10;1;64;4,1;2022-10-30 14:11:00;120;2022-10-30 14:11:00
X4;31/10/2022;20,9;23,4;2022-10-31 10:55:00;18,2;2022-10-31 06:31:00;82;95;2022-10-31 17:35:00;62;2022-10-31 10:55:00;1016,3;1017,2;2022-10-31 08:30:00;1015,1;2022-10-31 16:54:00;0;9,2;1,1;184;5,1;2022-10-31 13:39:00;208;2022-10-31 13:39:00
X4;01/11/2022;20,4;24,6;2022-11-01 10:24:00;18,5;2022-11-01 23:02:00;76;94;2022-11-01 05:19:00;45;2022-11-01 10:24:00;1018,3;1020,2;2022-11-01 18:30:00;1015,9;2022-11-01 03:30:00;0;12,5;1,5;87;7,3;2022-11-01 11:51:00;86;2022-11-01 11:51:00
X4;02/11/2022;19,5;21,8;2022-11-02 13:16:00;17,9;2022-11-02 02:39:00;68;80;2022-11-02 23:40:00;46;2022-11-02 12:50:00;1019,9;1022,4;2022-11-02 09:30:00;1017,1;2022-11-02 23:57:00;0;11;1,3;100;5,7;2022-11-02 10:11:00;80;2022-11-02 10:11:00
X4;03/11/2022;20,2;23,6;2022-11-03 11:46:00;17,5;2022-11-03 05:40:00;67;83;2022-11-03 06:14:00;50;2022-11-03 17:19:00;1011,9;1017,3;2022-11-03 00:00:00;1008,8;2022-11-03 16:39:00;0;6,2;1,9;265;10,3;2022-11-03 21:33:00;313;2022-11-03 21:33:00
X4;04/11/2022;17,1;22;2022-11-04 13:42:00;13,5;2022-11-04 06:47:00;42;56;2022-11-04 00:00:00;24;2022-11-04 13:35:00;1010,2;1012,9;2022-11-04 22:04:00;1008,2;2022-11-04 14:33:00;0;12,7;4,2;311;14,7;2022-11-04 18:28:00;343;2022-11-04 18:28:00
X4;05/11/2022;16,1;20,3;2022-11-05 12:25:00;13,2;2022-11-05 05:00:00;44;59;2022-11-05 20:40:00;25;2022-11-05 12:15:00;1014,7;1016,3;2022-11-05 11:00:00;1012,2;2022-11-05 00:41:00;0;12,5;2,1;292;11,3;2022-11-05 04:18:00;319;2022-11-05 04:18:00
X4;06/11/2022;17,2;21,7;2022-11-06 13:51:00;12,3;2022-11-06 05:16:00;53;77;2022-11-06 23:27:00;31;2022-11-06 11:03:00;1013,8;1016,7;2022-11-06 23:51:00;1011,2;2022-11-06 14:04:00;0;12,3;1,1;270;6,4;2022-11-06 15:14:00;231;2022-11-06 15:14:00
X4;07/11/2022;17,7;21,9;2022-11-07 11:38:00;14,1;2022-11-07 05:54:00;67;82;2022-11-07 22:54:00;38;2022-11-07 11:36:00;1015,7;1017,7;2022-11-07 09:30:00;1013,9;2022-11-07 23:59:00;0;9,4;0,9;247;5,5;2022-11-07 15:35:00;231;2022-11-07 15:35:00
X4;08/11/2022;18,4;22,7;2022-11-08 13:35:00;15,1;2022-11-08 04:05:00;77;95;2022-11-08 04:18:00;60;2022-11-08 12:46:00;1012,3;1013,9;2022-11-08 00:00:00;1010,7;2022-11-08 16:09:00;0;10,1;1,2;248;7,7;2022-11-08 12:12:00;233;2022-11-08 12:12:00
X4;09/11/2022;19,4;24,2;2022-11-09 14:31:00;15,5;2022-11-09 23:58:00;65;100;2022-11-09 23:31:00;39;2022-11-09 15:07:00;1012,6;1017;2022-11-09 23:59:00;1010,9;2022-11-09 05:45:00;14,5;6,6;1,5;318;8,2;2022-11-09 15:20:00;321;2022-11-09 15:20:00
X4;10/11/2022;17,5;20,6;2022-11-10 11:48:00;15,1;2022-11-10 00:30:00;74;100;2022-11-10 03:00:00;52;2022-11-10 11:43:00;1020,4;1024;2022-11-10 22:30:00;1016,9;2022-11-10 00:00:00;10,5;10,7;1,3;62;6,3;2022-11-10 12:24:00;162;2022-11-10 12:24:00
X4;11/11/2022;18,7;20,8;2022-11-11 14:31:00;15,4;2022-11-11 06:22:00;68;86;2022-11-11 18:12:00;50;2022-11-11 09:01:00;1024,3;1025,8;2022-11-11 21:30:00;1022,8;2022-11-11 02:59:00;0;8,9;2,6;57;9,6;2022-11-11 14:16:00;84;2022-11-11 14:16:00
X4;12/11/2022;18,7;21;2022-11-12 13:05:00;17,2;2022-11-12 23:55:00;79;90;2022-11-12 22:24:00;67;2022-11-12 13:21:00;1023,4;1025,7;2022-11-12 00:30:00;1019,7;2022-11-12 23:59:00;0;9,2;1,9;69;7,8;2022-11-12 11:00:00;80;2022-11-12 11:00:00
X4;13/11/2022;17,7;20,3;2022-11-13 13:21:00;15,1;2022-11-13 04:57:00;79;95;2022-11-13 04:08:00;63;2022-11-13 11:20:00;1016,7;1019,8;2022-11-13 00:00:00;1014,7;2022-11-13 14:01:00;0;10,4;1,3;174;5,2;2022-11-13 14:07:00;155;2022-11-13 14:07:00
X4;14/11/2022;18,9;21,7;2022-11-14 13:38:00;16,8;2022-11-14 05:43:00;77;100;2022-11-14 05:30:00;62;2022-11-14 13:38:00;1013,1;1015;2022-11-14 00:00:00;1011,3;2022-11-14 23:59:00;0,4;7,9;1,4;242;9,7;2022-11-14 14:54:00;257;2022-11-14 14:54:00
X4;15/11/2022;19,2;22,5;2022-11-15 13:00:00;17,1;2022-11-15 06:42:00;60;73;2022-11-15 01:07:00;42;2022-11-15 13:02:00;1006,6;1011,4;2022-11-15 00:11:00;1003,5;2022-11-15 15:52:00;0;6,1;1,6;255;10,2;2022-11-15 12:42:00;260;2022-11-15 12:42:00
X4;16/11/2022;18,9;21,6;2022-11-16 15:13:00;17,6;2022-11-16 07:11:00;55;72;2022-11-16 10:41:00;36;2022-11-16 15:49:00;1002,7;1004,9;2022-11-16 10:30:00;1001;2022-11-16 20:14:00;0;9,4;2;269;8,7;2022-11-16 16:06:00;305;2022-11-16 16:06:00
X4;17/11/2022;20,2;23,3;2022-11-17 13:44:00;17,9;2022-11-17 06:49:00;53;63;2022-11-17 16:33:00;37;2022-11-17 21:00:00;1000,6;1002,2;2022-11-17 23:49:00;998,8;2022-11-17 17:30:00;0;5,2;2,2;274;10,7;2022-11-17 20:55:00;289;2022-11-17 20:55:00
X4;18/11/2022;15,9;19,2;2022-11-18 00:00:00;12,2;2022-11-18 23:54:00;60;78;2022-11-18 23:55:00;41;2022-11-18 00:00:00;1004,7;1006,5;2022-11-18 10:24:00;1002;2022-11-18 00:05:00;1;4,2;1,8;17;8,7;2022-11-18 03:53:00;316;2022-11-18 03:53:00
X4;19/11/2022;13,3;17,5;2022-11-19 14:44:00;10,4;2022-11-19 08:11:00;54;82;2022-11-19 00:36:00;36;2022-11-19 14:45:00;1007,6;1011,7;2022-11-19 23:53:00;1005,4;2022-11-19 01:38:00;1,9;9,9;2,3;327;8,9;2022-11-19 06:03:00;329;2022-11-19 06:03:00
X4;20/11/2022;13,2;17,3;2022-11-20 12:44:00;9;2022-11-20 06:51:00;49;62;2022-11-20 20:20:00;29;2022-11-20 12:24:00;1013,6;1015,4;2022-11-20 22:30:00;1011,5;2022-11-20 00:18:00;0;10,6;1,3;304;7,4;2022-11-20 03:44:00;308;2022-11-20 03:44:00
X4;21/11/2022;14,4;16,5;2022-11-21 14:32:00;12;2022-11-21 23:59:00;59;75;2022-11-21 17:22:00;51;2022-11-21 08:07:00;1005,4;1015,2;2022-11-21 00:00:00;997,7;2022-11-21 19:47:00;0,2;2,6;1,7;290;12;2022-11-21 19:20:00;295;2022-11-21 19:20:00
X4;22/11/2022;12,6;14,8;2022-11-22 15:05:00;10;2022-11-22 04:12:00;47;60;2022-11-22 23:54:00;36;2022-11-22 15:05:00;1004,4;1007,3;2022-11-22 10:30:00;1000,4;2022-11-22 01:03:00;0;6,7;4,7;297;15,7;2022-11-22 04:57:00;309;2022-11-22 04:57:00
X4;23/11/2022;16,4;22,8;2022-11-23 13:44:00;12,7;2022-11-23 01:23:00;63;75;2022-11-23 20:07:00;45;2022-11-23 14:12:00;1005,1;1012,3;2022-11-23 23:59:00;1001,1;2022-11-23 06:30:00;0;7,2;1,4;290;8,2;2022-11-23 14:42:00;299;2022-11-23 14:42:00
X4;24/11/2022;16,4;18,9;2022-11-24 14:32:00;13,7;2022-11-24 07:00:00;64;97;2022-11-24 13:01:00;50;2022-11-24 14:27:00;1013,8;1016,6;2022-11-24 10:00:00;1012,2;2022-11-24 00:00:00;3,1;6,4;1,1;235;5,9;2022-11-24 13:14:00;207;2022-11-24 13:14:00
X4;25/11/2022;15,9;19,8;2022-11-25 12:16:00;12,6;2022-11-25 23:06:00;62;74;2022-11-25 13:47:00;45;2022-11-25 12:27:00;1016,4;1021,8;2022-11-25 23:55:00;1012,2;2022-11-25 01:06:00;0;6,9;1,7;278;9;2022-11-25 16:23:00;79;2022-11-25 16:23:00
X4;26/11/2022;14,3;19,8;2022-11-26 13:36:00;10,7;2022-11-26 05:59:00;46;58;2022-11-26 02:16:00;25;2022-11-26 13:45:00;1023,2;1024,8;2022-11-26 09:39:00;1021,7;2022-11-26 00:00:00;0;8,4;1,2;273;5,7;2022-11-26 14:38:00;333;2022-11-26 14:38:00
X4;27/11/2022;14,1;17,2;2022-11-27 13:39:00;10,5;2022-11-27 07:07:00;63;79;2022-11-27 23:07:00;46;2022-11-27 10:50:00;1019,8;1023,7;2022-11-27 01:15:00;1013,5;2022-11-27 23:59:00;0;8,5;0,9;251;6,4;2022-11-27 13:39:00;216;2022-11-27 13:39:00
X4;28/11/2022;13,3;15,3;2022-11-28 14:14:00;11,5;2022-11-28 10:45:00;67;78;2022-11-28 10:54:00;54;2022-11-28 19:38:00;1011,3;1013,5;2022-11-28 23:30:00;1009,2;2022-11-28 07:58:00;0,8;3,8;1,5;295;8;2022-11-28 09:02:00;339;2022-11-28 09:02:00
X4;29/11/2022;13,1;17,2;2022-11-29 13:25:00;10,1;2022-11-29 06:48:00;57;73;2022-11-29 23:59:00;39;2022-11-29 11:56:00;1013;1014,2;2022-11-29 09:42:00;1011,8;2022-11-29 14:28:00;0;9,1;1,6;310;9,2;2022-11-29 03:56:00;311;2022-11-29 03:56:00
X4;30/11/2022;12,6;15,6;2022-11-30 11:37:00;9,8;2022-11-30 04:35:00;65;74;2022-11-30 23:58:00;53;2022-11-30 11:37:00;1012,9;1014,3;2022-11-30 09:30:00;1012;2022-11-30 15:30:00;0;7,1;1;359;5;2022-11-30 13:39:00;219;2022-11-30 13:39:00
X4;01/12/2022;12,3;15,1;2022-12-01 11:49:00;9,8;2022-12-01 23:32:00;56;77;2022-12-01 00:48:00;42;2022-12-01 12:06:00;1012,9;1014,2;2022-12-01 23:00:00;1011,8;2022-12-01 14:32:00;0;6,8;1,7;45;6,8;2022-12-01 16:46:00;76;2022-12-01 16:46:00
X4;02/12/2022;11,1;14,7;2022-12-02 12:04:00;9,2;2022-12-02 07:12:00;51;60;2022-12-02 22:02:00;39;2022-12-02 12:04:00;1010,7;1013,7;2022-12-02 00:00:00;1006,8;2022-12-02 23:59:00;0;6,1;1,6;26;5,9;2022-12-02 10:19:00;14;2022-12-02 10:19:00
X4;03/12/2022;11,3;15,3;2022-12-03 12:01:00;6,9;2022-12-03 07:07:00;54;77;2022-12-03 23:41:00;35;2022-12-03 12:20:00;1004,6;1007,2;2022-12-03 00:00:00;1002,9;2022-12-03 14:01:00;0,7;9;1,3;288;7,6;2022-12-03 14:50:00;230;2022-12-03 14:50:00
X4;04/12/2022;11;13,9;2022-12-04 15:19:00;8,8;2022-12-04 22:09:00;60;92;2022-12-04 02:54:00;38;2022-12-04 16:03:00;1007,3;1012,6;2022-12-04 23:00:00;1004,4;2022-12-04 00:44:00;1,6;4,4;1,6;314;6,2;2022-12-04 12:56:00;305;2022-12-04 12:56:00
X4;05/12/2022;11,5;14,4;2022-12-05 13:30:00;7,8;2022-12-05 05:49:00;62;79;2022-12-05 20:52:00;44;2022-12-05 08:54:00;1013,4;1015,5;2022-12-05 10:00:00;1011,9;2022-12-05 00:18:00;0;8,2;1,4;55;5,3;2022-12-05 14:28:00;82;2022-12-05 14:28:00
X4;06/12/2022;12,8;15,4;2022-12-06 13:53:00;11,2;2022-12-06 06:00:00;74;90;2022-12-06 22:45:00;61;2022-12-06 11:35:00;1011,7;1013;2022-12-06 00:00:00;1010,8;2022-12-06 14:33:00;0;7;0,9;315;3,8;2022-12-06 23:44:00;310;2022-12-06 23:44:00
X4;07/12/2022;12,9;16,3;2022-12-07 11:13:00;10,1;2022-12-07 06:48:00;75;97;2022-12-07 01:33:00;54;2022-12-07 11:13:00;1009,8;1011,6;2022-12-07 10:07:00;1007,5;2022-12-07 23:59:00;0;5,6;0,7;196;4,5;2022-12-07 00:05:00;305;2022-12-07 00:05:00
X4;08/12/2022;13,3;15,3;2022-12-08 10:09:00;11,6;2022-12-08 05:45:00;86;100;2022-12-08 23:30:00;70;2022-12-08 10:08:00;1002,9;1007,5;2022-12-08 00:00:00;996,5;2022-12-08 23:51:00;11;2,6;0,8;60;3,5;2022-12-08 10:14:00;77;2022-12-08 10:14:00
X4;09/12/2022;15,7;20,1;2022-12-09 14:17:00;12,8;2022-12-09 06:17:00;74;100;2022-12-09 06:30:00;44;2022-12-09 14:18:00;995,8;997;2022-12-09 10:00:00;994,8;2022-12-09 14:58:00;0,1;8,7;1,4;291;6;2022-12-09 13:46:00;305;2022-12-09 13:46:00
X4;10/12/2022;12,4;15,7;2022-12-10 12:37:00;7,2;2022-12-10 23:38:00;56;80;2022-12-10 06:39:00;33;2022-12-10 17:36:00;1001;1006,2;2022-12-10 23:15:00;995,8;2022-12-10 01:12:00;0,3;7,4;2,6;318;11;2022-12-10 14:09:00;307;2022-12-10 14:09:00
X4;11/12/2022;9,6;12;2022-12-11 12:29:00;7,1;2022-12-11 02:42:00;54;88;2022-12-11 20:53:00;35;2022-12-11 00:42:00;1003,7;1006;2022-12-11 02:14:00;1001,4;2022-12-11 17:13:00;0;3,2;1,4;333;10,1;2022-12-11 01:51:00;336;2022-12-11 01:51:00
X4;12/12/2022;9,6;12,3;2022-12-12 23:59:00;7,5;2022-12-12 06:00:00;77;100;2022-12-12 21:36:00;54;2022-12-12 12:13:00;1003,1;1008,5;2022-12-12 10:00:00;997,5;2022-12-12 22:07:00;9,3;3,5;1,7;309;7,7;2022-12-12 23:42:00;314;2022-12-12 23:42:00
X4;13/12/2022;13,5;15,7;2022-12-13 12:41:00;11,4;2022-12-13 05:48:00;88;100;2022-12-13 23:30:00;69;2022-12-13 12:55:00;998,9;1001,3;2022-12-13 10:15:00;995,2;2022-12-13 23:57:00;2;2,7;0,8;80;7,8;2022-12-13 02:14:00;309;2022-12-13 02:14:00
X4;14/12/2022;14,4;17,6;2022-12-14 10:07:00;12,9;2022-12-14 03:03:00;89;100;2022-12-14 05:00:00;64;2022-12-14 10:28:00;998,8;1001,8;2022-12-14 10:30:00;994,3;2022-12-14 01:20:00;1,2;8,1;1,4;67;6,8;2022-12-14 12:57:00;73;2022-12-14 12:57:00
X4;15/12/2022;15,3;18,9;2022-12-15 14:29:00;12,9;2022-12-15 06:52:00;76;100;2022-12-15 07:00:00;50;2022-12-15 14:30:00;994,2;997,4;2022-12-15 00:00:00;991,9;2022-12-15 13:44:00;2,5;6,5;1,7;300;7,9;2022-12-15 15:03:00;320;2022-12-15 15:03:00
X4;16/12/2022;14,4;17,4;2022-12-16 13:50:00;12;2022-12-16 05:55:00;62;76;2022-12-16 05:52:00;47;2022-12-16 14:01:00;1003,1;1010;2022-12-16 23:30:00;997,1;2022-12-16 00:13:00;0;7,9;2,1;310;9,7;2022-12-16 13:58:00;270;2022-12-16 13:58:00
X4;17/12/2022;12,8;14,4;2022-12-17 10:34:00;11,8;2022-12-17 23:55:00;80;100;2022-12-17 08:00:00;67;2022-12-17 01:02:00;1014,8;1019,7;2022-12-17 23:59:00;1009,5;2022-12-17 00:01:00;0,8;3,6;1;48;3,9;2022-12-17 07:12:00;81;2022-12-17 07:12:00
X4;18/12/2022;12,7;16,1;2022-12-18 13:35:00;9,5;2022-12-18 05:38:00;76;91;2022-12-18 18:32:00;58;2022-12-18 10:03:00;1023,4;1025,4;2022-12-18 22:19:00;1019,7;2022-12-18 00:00:00;0;8,1;1,1;248;5;2022-12-18 14:02:00;223;2022-12-18 14:02:00
X4;19/12/2022;14,2;17,7;2022-12-19 14:03:00;11,3;2022-12-19 07:27:00;86;100;2022-12-19 21:00:00;62;2022-12-19 14:04:00;1024,3;1026,1;2022-12-19 10:00:00;1022,6;2022-12-19 23:57:00;0;7,2;1,1;239;7,4;2022-12-19 14:59:00;227;2022-12-19 14:59:00
X4;20/12/2022;14,5;16,9;2022-12-20 12:02:00;12;2022-12-20 06:12:00;84;100;2022-12-20 06:30:00;63;2022-12-20 14:12:00;1019,1;1022,7;2022-12-20 00:00:00;1016,4;2022-12-20 23:39:00;0;6,5;1,4;251;7,6;2022-12-20 13:48:00;232;2022-12-20 13:48:00
X4;21/12/2022;15,4;19,6;2022-12-21 11:21:00;12,8;2022-12-21 05:15:00;67;94;2022-12-21 03:19:00;44;2022-12-21 12:10:00;1016,7;1018,4;2022-12-21 22:26:00;1014,5;2022-12-21 01:44:00;1,1;8,1;1,9;304;8,3;2022-12-21 12:39:00;310;2022-12-21 12:39:00
X4;22/12/2022;16,1;20,1;2022-12-22 14:05:00;12,8;2022-12-22 06:08:00;61;74;2022-12-22 01:57:00;48;2022-12-22 15:42:00;1018,5;1020,4;2022-12-22 10:00:00;1017,3;2022-12-22 15:30:00;0;7,5;1,9;271;8,7;2022-12-22 08:59:00;279;2022-12-22 08:59:00
X4;23/12/2022;18,4;23;2022-12-23 14:16:00;14,7;2022-12-23 01:34:00;56;70;2022-12-23 01:33:00;40;2022-12-23 15:12:00;1016,9;1018,4;2022-12-23 09:30:00;1014,8;2022-12-23 16:26:00;0;8,4;2,5;284;11,2;2022-12-23 16:27:00;294;2022-12-23 16:27:00
X4;24/12/2022;17;21,1;2022-12-24 12:17:00;14,8;2022-12-24 23:01:00;56;65;2022-12-24 18:35:00;42;2022-12-24 12:12:00;1015,5;1017,1;2022-12-24 10:02:00;1014,1;2022-12-24 15:53:00;0;8,6;2,2;273;11,8;2022-12-24 05:47:00;356;2022-12-24 05:47:00
X4;25/12/2022;15,1;19,6;2022-12-25 13:25:00;11,7;2022-12-25 06:50:00;69;100;2022-12-25 19:00:00;41;2022-12-25 10:56:00;1015,8;1018,5;2022-12-25 23:49:00;1014;2022-12-25 04:14:00;0;8,7;1,7;267;6,6;2022-12-25 11:17:00;247;2022-12-25 11:17:00
X4;26/12/2022;16,1;22,7;2022-12-26 13:06:00;12,1;2022-12-26 06:44:00;65;100;2022-12-26 23:31:00;29;2022-12-26 12:33:00;1021,8;1025,6;2022-12-26 22:30:00;1018,4;2022-12-26 00:30:00;0;7;1,1;279;8,1;2022-12-26 12:09:00;317;2022-12-26 12:09:00
X4;27/12/2022;14,7;18,8;2022-12-27 13:55:00;11,4;2022-12-27 04:45:00;73;100;2022-12-27 00:31:00;50;2022-12-27 12:30:00;1025,6;1027,5;2022-12-27 10:30:00;1024,3;2022-12-27 23:58:00;0;8,4;0,9;239;5,2;2022-12-27 15:49:00;241;2022-12-27 15:49:00
X4;28/12/2022;13,4;17,6;2022-12-28 12:47:00;10,6;2022-12-28 07:24:00;73;81;2022-12-28 19:00:00;60;2022-12-28 10:08:00;1020,6;1024,4;2022-12-28 00:00:00;1017,7;2022-12-28 23:55:00;0;8,6;1,7;252;6,8;2022-12-28 10:22:00;244;2022-12-28 10:22:00
X4;29/12/2022;14,5;19,1;2022-12-29 13:06:00;10,8;2022-12-29 04:48:00;59;78;2022-12-29 00:30:00;39;2022-12-29 12:43:00;1016,5;1017,9;2022-12-29 10:05:00;1014,8;2022-12-29 14:17:00;0;6,7;1,7;273;6,5;2022-12-29 13:47:00;286;2022-12-29 13:47:00
X4;30/12/2022;16,3;19,2;2022-12-30 14:49:00;13,2;2022-12-30 06:34:00;57;69;2022-12-30 07:11:00;45;2022-12-30 09:31:00;1017;1020,2;2022-12-30 23:30:00;1015;2022-12-30 05:07:00;0;5,3;2,3;278;10,1;2022-12-30 15:15:00;306;2022-12-30 15:15:00
X4;31/12/2022;17,2;21,7;2022-12-31 12:58:00;13,7;2022-12-31 23:01:00;57;88;2022-12-31 18:30:00;35;2022-12-31 12:36:00;1020,7;1022,6;2022-12-31 23:30:00;1019,2;2022-12-31 04:07:00;0;8,7;1,9;256;10,2;2022-12-31 03:40:00;300;2022-12-31 03:40:00
