DATA,TM,TX,TN,HRM,HRX,HRN,PM,PX,PN,PPT,RS24h,VVM10,DVM10,VVX10,DVVX10
01/01/2021,"8,9","10,3",7,61,66,53,1001,"1002,5","999,6","0,1","1,5","1,9",332,"11,5",306
02/01/2021,"7,4","10,7","4,3",55,65,43,"1001,9","1004,4","1000,5",0,7,"1,7",318,"7,2",311
03/01/2021,"6,7","9,8","4,4",44,62,31,"1005,8","1007,3","1004,2",0,"8,5","2,1",307,"10,6",310
04/01/2021,7,11,"4,5",53,65,33,"1005,2","1006,7","1002,7",0,"8,9","2,4",320,"8,9",285
05/01/2021,"6,2","9,4","4,1",59,71,45,"1006,4","1008,3","1004,7",0,"7,4","1,6",307,"6,1",321
06/01/2021,"6,5","9,9","3,6",61,68,50,1010,1012,1008,0,"7,4","1,3",4,"5,7",3
07/01/2021,"6,5","7,7","5,2",64,84,52,"1009,8",1011,"1007,7","1,6","3,3","1,5",28,"5,7",96
08/01/2021,6,"8,3","3,7",53,67,35,"1008,7","1010,9","1005,7",0,"5,5","1,3",9,"8,6",59
09/01/2021,"6,8","8,1","4,4",72,96,41,"1002,9","1005,8","1000,3",20,"1,2","4,2",51,"14,9",53
10/01/2021,"7,5","8,5","6,1",68,80,57,"1007,1","1012,6","1001,8","5,2","1,3","2,1",24,"12,1",42
11/01/2021,6,"9,8","3,6",62,73,50,"1015,5","1018,8","1012,3",0,"9,2","1,7",312,"8,7",307
12/01/2021,"6,3","10,6","3,6",50,61,35,"1020,2","1022,4","1018,2",0,"9,8","1,9",280,"8,4",6
13/01/2021,"8,6","13,1","4,7",56,67,41,"1021,2","1022,4","1020,5",0,"9,9","1,9",279,"9,1",325
14/01/2021,"8,5","12,6","6,2",61,72,45,"1018,5","1020,9","1016,5",0,"10,1","1,8",318,"9,2",324
15/01/2021,"9,2","13,7",6,63,82,38,"1016,4","1017,5","1015,4",0,"7,8","1,5",329,"7,8",345
16/01/2021,"9,6","14,2","6,4",56,78,38,"1020,2",1022,"1016,9",0,"9,9","1,7",296,9,297
17/01/2021,"11,7","17,3","8,3",52,77,31,"1018,6","1021,8",1016,0,"10,2","1,6",8,"9,4",298
18/01/2021,"10,9","13,5","8,5",73,80,56,"1022,5","1024,1","1021,1",0,"4,5","0,9",289,"4,7",230
19/01/2021,"11,5","15,3","8,6",73,84,59,"1019,5","1022,9","1015,7",0,"9,5",2,268,"8,9",233
20/01/2021,12,"13,7","11,2",74,79,68,"1009,6","1015,7","1005,5",0,"3,9","1,8",241,"8,6",236
21/01/2021,"13,4","17,1",10,62,80,45,"1005,8","1007,7","1004,1",0,"8,3","1,9",261,"9,3",281
22/01/2021,"13,1","15,4","8,9",56,95,42,"998,9","1005,2","993,4","6,4","4,6",5,285,20,308
23/01/2021,"12,3","15,7","9,9",48,62,37,"1002,9","1006,2","996,3",0,"9,1",4,293,"14,7",294
24/01/2021,"13,5","16,6","11,8",53,69,34,"1001,4","1006,4","993,7",0,"10,4","3,9",279,"22,3",312
25/01/2021,"12,6",16,"10,6",58,76,48,"1005,5","1012,4","1002,5",0,"3,7","3,1",300,"12,8",306
26/01/2021,"10,9","13,5","8,9",74,88,59,"1017,3","1020,6","1012,4","0,3","9,5",2,250,"7,4",250
27/01/2021,"12,1","15,1","9,2",58,69,47,"1016,1","1017,9","1014,7",0,"11,1","1,1",223,"5,6",285
28/01/2021,"14,1","19,6",11,73,85,55,1015,"1016,6","1012,9",0,9,"1,2",85,"5,9",340
29/01/2021,17,"22,7","12,9",66,95,41,"1010,8",1013,"1008,9",0,"10,6","2,3",309,"10,1",277
30/01/2021,"15,2","19,6","11,7",57,85,35,"1001,6","1009,8","997,6","0,2","10,3","3,5",295,"16,8",292
31/01/2021,"14,4","18,2","11,5",50,60,39,"998,6","1000,2","997,3",0,"9,7","5,8",307,"18,2",302
01/02/2021,"16,9","20,7","13,9",47,62,32,"1000,5","1006,8","996,4","0,1","12,1","4,6",314,"16,9",329
02/02/2021,"16,2","21,2","13,1",57,69,42,"1009,1","1011,1","1006,7",0,"11,9",2,260,8,322
03/02/2021,"16,1","21,1","12,9",60,94,39,"1008,1","1010,6","1006,6",0,"9,2","1,9",248,"7,4",279
04/02/2021,"12,7","15,4","11,5",87,98,73,"1009,1","1010,6","1007,3",0,"8,1",1,127,"4,6",154
05/02/2021,"13,2","15,5","11,9",81,94,62,1006,"1009,2","1001,4",0,"9,8","2,5",80,"8,8",69
06/02/2021,"14,9","17,4","13,2",72,90,60,"997,5","1001,5","995,4",0,"9,1","2,5",174,"8,8",252
07/02/2021,"11,7","14,7","10,3",65,78,45,"998,7","1000,1","996,8","2,1","8,1","1,8",328,"7,1",257
08/02/2021,"11,7","14,4","10,4",64,96,49,"996,1","998,8","992,9","7,7","4,7","1,9",267,"8,6",308
09/02/2021,"12,7","15,3","10,2",62,73,47,"999,2","1001,8","996,4",0,"5,5","3,2",261,"10,4",257
10/02/2021,13,17,"11,1",53,70,41,"1002,2",1011,"997,2","0,1","9,1","3,2",300,"12,9",320
11/02/2021,"13,2","16,5","10,1",55,70,40,"1012,9","1014,3","1010,9",0,"13,4","1,8",290,8,61
12/02/2021,"12,8","16,2","11,1",78,97,59,"1011,2","1013,6","1008,5","0,1","5,8","1,1",141,"6,6",83
13/02/2021,"13,1",16,"11,2",79,99,50,"1018,9","1024,2","1013,5",0,"13,7","2,1",197,8,305
14/02/2021,"9,8","12,1","9,2",75,98,58,"1029,7","1032,8","1024,1","2,8","1,6","2,8",82,"9,3",87
15/02/2021,"10,5",12,"9,2",71,99,61,"1031,1","1032,8","1028,5","0,4","2,8","1,3",236,"5,7",262
16/02/2021,"12,4",15,"10,6",79,94,63,"1022,7","1028,6","1019,3","0,1","7,6","2,8",258,"12,3",237
17/02/2021,"12,5","17,2","10,3",79,95,52,"1019,1","1021,1","1016,5",0,"13,4","1,6",241,"6,8",235
18/02/2021,"11,8",15,"9,6",82,98,63,"1015,5","1016,6",1014,0,"9,5","1,7",247,6,228
19/02/2021,"11,6","15,1","9,8",82,95,63,"1016,4","1018,1","1015,3",0,"11,5","1,7",246,"6,4",215
20/02/2021,"11,7","14,6","9,1",78,97,63,"1016,2","1017,7","1014,9",0,"7,8","1,5",180,"4,9",172
21/02/2021,"13,5","14,8","11,4",77,82,70,"1010,7",1015,"1007,3",0,6,"4,9",69,"14,9",80
22/02/2021,"13,6","14,8",12,93,100,79,"1014,5","1023,4","1007,2","10,2","1,8","2,2",77,"14,4",61
23/02/2021,"14,5","18,9","13,1",88,98,54,"1029,1","1032,6","1023,4",0,"12,4","1,9",87,6,80
24/02/2021,14,"17,2","12,7",85,95,60,"1030,3","1032,4","1028,2",0,"15,7","1,4",134,5,125
25/02/2021,"13,8",17,"12,5",76,95,56,"1026,9","1028,8","1024,9",0,"11,4","1,5",182,8,230
26/02/2021,"13,4","15,5","11,1",73,84,59,"1025,6","1027,6","1023,7",0,"9,2","1,3",140,"5,7",123
27/02/2021,"13,3","16,9","9,9",73,87,55,"1021,2","1023,8","1019,3",0,"14,7","1,6",240,"7,8",202
28/02/2021,"13,2","15,8","11,7",71,87,56,"1021,1","1022,2","1019,9",0,"15,9","2,5",80,"8,9",82
01/03/2021,"13,4",15,"12,1",72,88,56,1022,"1023,3","1021,1",0,"9,6","3,1",73,"9,4",91
02/03/2021,"13,5","15,2","12,6",75,95,63,"1024,8",1027,"1021,4",0,6,"3,2",75,"10,1",59
03/03/2021,"13,2","15,5","12,3",80,93,66,"1025,6","1027,3","1023,6",0,"10,6","1,6",77,"5,4",141
04/03/2021,"13,3",16,"11,9",81,97,62,"1018,8","1023,7","1015,3",0,"11,5","1,3",188,"5,8",172
05/03/2021,"13,1","15,7","11,2",75,83,61,"1014,3","1016,2","1013,1",0,"10,8","1,2",212,"4,7",208
06/03/2021,"12,8","14,3","11,8",73,84,57,"1018,5","1020,2","1015,5",0,"10,1","1,8",89,"5,6",92
07/03/2021,"12,7","14,7","11,5",74,86,63,"1015,4","1019,5","1011,8","2,4","8,4","1,7",65,"5,4",87
08/03/2021,"12,4","13,8","11,3",74,84,64,"1010,7","1011,9","1009,6","1,4","5,5","1,3",55,"7,3",62
09/03/2021,"12,4","16,8","10,2",64,76,43,"1012,5","1015,1","1011,2",0,"13,9","1,8",295,"7,2",158
10/03/2021,"12,2","15,7","8,8",54,64,40,"1017,1",1019,"1014,9",0,"18,7","2,1",252,"8,4",241
11/03/2021,"14,1",18,"10,5",63,80,40,"1016,8",1019,"1014,2",0,"16,9","2,3",253,"9,1",236
12/03/2021,13,"15,1","11,5",72,95,61,"1016,3","1018,6","1014,5",0,"8,9","1,9",121,"5,8",189
13/03/2021,"13,8","17,7","10,8",64,87,37,"1016,4","1018,4",1014,0,"19,2","2,4",262,"11,9",257
14/03/2021,"13,2","16,1","10,5",58,71,43,"1016,7",1021,"1013,4",0,"18,2",2,190,9,211
15/03/2021,"13,4","17,9","9,7",57,77,36,"1018,4",1021,"1015,8",0,"19,8","2,1",253,"7,9",205
16/03/2021,"13,1","15,8","10,6",66,80,44,"1019,8",1021,"1018,3",0,"19,7","1,7",217,"6,1",159
17/03/2021,"13,6","20,1","10,1",63,79,30,"1016,6","1020,2","1014,4",0,"16,1","1,8",197,"8,8",90
18/03/2021,"11,8","15,5",7,63,97,39,"1013,7","1016,4","1011,6","5,9","17,8","2,5",171,"9,8",202
19/03/2021,"8,8","12,3","6,9",69,96,49,"1009,1","1012,8","1006,3","1,3","8,9","1,5",262,"6,7",135
20/03/2021,"10,8","14,4","7,9",38,61,27,1012,"1014,8","1009,4",0,"20,7","2,8",47,"12,1",82
21/03/2021,"11,5","15,7","7,1",48,74,25,"1012,4","1014,8","1009,9",0,"21,4","1,5",211,"6,7",205
22/03/2021,"13,2","18,8","9,2",54,78,24,"1012,1","1015,7","1010,2",0,"19,8","1,6",242,"5,8",172
23/03/2021,13,"16,2","9,8",68,79,43,1018,1021,"1015,4",0,"21,2","1,7",112,"6,5",81
24/03/2021,"13,9","18,2",10,67,82,48,"1020,2","1021,6","1018,9",0,"21,8","1,7",218,8,241
25/03/2021,"13,7","17,3","10,2",72,83,52,"1019,7",1021,"1018,6",0,"20,7","1,7",219,"6,6",248
26/03/2021,"14,3","17,6","12,3",74,86,59,"1018,2","1020,3","1016,5",0,"13,6","2,1",248,"7,5",200
27/03/2021,"14,1",17,13,72,94,57,"1023,5","1025,9",1020,0,"18,4","1,8",135,"6,4",87
28/03/2021,"14,1","16,3","11,2",67,83,52,"1026,9","1028,4","1024,7",0,"22,1","1,3",121,"5,8",99
29/03/2021,"14,5","18,3","10,9",55,81,32,1028,"1029,6",1027,0,22,"1,8",78,"6,4",80
30/03/2021,"14,3","16,7","11,6",68,95,53,"1025,8","1027,9","1023,8",0,22,"1,5",84,"4,8",64
31/03/2021,"14,2","17,8","10,9",68,91,47,"1021,1","1023,8","1018,9",0,"20,7","1,2",104,"4,8",147
01/04/2021,"15,5","19,4","10,8",48,67,33,"1015,5","1019,1","1012,6",0,"20,9",1,110,"4,5",142
02/04/2021,"16,5","19,8","13,8",54,70,35,"1010,3",1013,"1008,4",0,"22,5","2,6",73,"9,1",64
03/04/2021,"17,5","23,4","13,8",57,71,33,"1007,6","1010,7","1005,5",0,"22,1","1,6",183,"8,8",240
04/04/2021,"15,6","17,7","13,8",56,72,40,"1012,5","1014,7",1010,0,"16,8","1,5",192,"5,5",117
05/04/2021,"15,8","19,6","12,9",59,84,39,1012,"1014,5","1008,7",0,"22,5","2,6",214,"11,5",239
06/04/2021,"14,2","16,4","11,3",65,85,46,1008,"1010,6","1006,2","0,4","13,7","1,9",166,"7,6",76
07/04/2021,11,13,"9,2",58,84,42,"1017,6","1022,9","1010,3","0,1","13,5","1,9",131,"6,2",76
08/04/2021,13,"16,1","10,6",51,65,39,"1021,1","1022,9","1019,3",0,"24,6","2,5",242,"11,1",214
09/04/2021,"13,1","15,3","10,8",67,79,53,1018,"1020,3",1015,0,"9,2","1,7",79,"6,5",81
10/04/2021,"13,3","14,1","12,1",84,98,69,"1011,6","1015,1","1009,6","0,7","2,6","1,1",42,"4,1",27
11/04/2021,"13,9","17,1","11,6",87,98,67,"1010,9","1016,2",1009,"0,2","8,6","1,9",232,"9,5",91
12/04/2021,"12,3","16,4","8,5",69,100,41,"1019,5","1022,1",1016,9,"21,6","2,3",222,"8,1",211
13/04/2021,"13,1","15,4","10,6",64,81,47,"1020,3","1022,5","1018,1",0,"21,1","1,7",128,"6,2",161
14/04/2021,13,"14,9",12,60,77,49,"1017,2","1018,9","1015,8",0,"18,7","2,2",101,"6,7",75
15/04/2021,"13,1","15,3","11,6",51,62,38,1015,"1016,8","1013,6",0,"21,6","2,4",76,"8,6",85
16/04/2021,"12,2","15,1","9,1",52,75,32,1014,1017,"1012,5","0,5","15,3","2,7",45,"9,1",22
17/04/2021,"11,5","14,9","8,6",55,70,32,"1013,6","1015,4","1012,3",0,"19,6","2,1",307,8,87
18/04/2021,"13,3","17,1","9,5",47,64,27,"1015,4","1017,2","1014,1",0,"25,2","2,2",246,8,202
19/04/2021,"13,8","16,4",11,68,80,58,1014,"1016,2","1012,6",0,"24,7","2,2",79,"7,5",120
20/04/2021,"14,5","16,6","12,7",78,92,57,"1011,3","1013,5","1010,3",0,"14,7","2,2",71,"8,3",80
21/04/2021,"13,2","14,6","11,8",85,100,70,"1010,9","1013,1","1008,7","5,2","10,6","2,7",80,"8,7",85
22/04/2021,"13,6","16,8","11,3",73,86,58,1014,"1016,5",1012,0,"17,9","2,4",86,"8,7",89
23/04/2021,15,"19,4",11,62,88,40,"1017,4","1018,6","1015,6",0,"27,2","1,5",105,"7,1",67
24/04/2021,"15,3","17,9","12,2",64,78,49,"1016,7","1018,7","1013,8",0,"25,1","1,4",115,"5,2",142
25/04/2021,"16,6","19,5","14,2",59,81,42,"1011,4","1014,7","1008,3",0,"19,7","2,6",79,"9,5",75
26/04/2021,"15,9","18,9","13,5",58,88,27,"1003,5","1008,8","1001,4",3,"7,1","2,2",46,10,55
27/04/2021,"15,5","18,1","13,1",67,77,55,"1002,7","1004,4","1001,2",0,"12,2","1,4",205,"5,4",165
28/04/2021,"15,6","18,3","14,3",79,91,62,"1003,4","1004,9","1002,1",0,"16,2","1,5",151,"5,5",145
29/04/2021,"15,8","17,8","14,7",86,96,69,"1004,6","1006,2","1003,3",0,"18,1","2,5",93,"6,4",71
30/04/2021,"15,9","18,7","15,2",81,90,69,"1005,4","1006,7","1004,6",0,"12,4","2,2",90,"7,9",81
01/05/2021,"14,9","18,3","12,2",80,100,55,"1006,8","1012,6","1003,2","32,4","12,6","2,1",359,"9,7",91
02/05/2021,"13,9","16,2","12,5",66,92,51,"1015,7","1018,7","1012,4","0,7","16,6","2,2",79,"8,8",80
03/05/2021,"14,9","17,7","11,4",58,73,38,"1018,1","1019,4","1016,4",0,27,"1,6",122,"6,6",140
04/05/2021,"16,6","20,9",13,53,83,31,"1013,4","1017,2","1010,9",0,"27,7","2,4",252,"8,7",247
05/05/2021,"17,2","20,7","14,4",73,93,51,"1011,8","1014,2","1010,3",0,"27,3","1,9",127,"5,8",93
06/05/2021,"18,2","21,3","15,5",72,91,58,"1011,8","1013,5","1009,2",0,26,"2,7",240,"13,9",265
07/05/2021,"17,8",20,"15,7",74,83,58,"1013,7","1016,9","1010,7",0,"23,3","1,9",98,"7,3",72
08/05/2021,20,"24,2","16,6",63,87,47,"1013,3","1016,3","1010,3",0,"28,1",2,269,"9,8",261
09/05/2021,"18,5","20,5","16,5",76,93,64,"1005,7","1010,4","1001,6","0,1",20,"2,6",85,"10,8",78
10/05/2021,"18,3","21,2","16,4",73,93,48,"1004,6","1006,2","1002,9",2,"14,7","2,2",235,"8,7",225
11/05/2021,"17,2","23,8","14,6",52,69,24,"1009,7","1015,7","1004,8",0,"25,5","3,4",340,"14,8",322
12/05/2021,18,"22,8","13,3",54,72,31,"1010,3",1015,"1006,6",0,"23,5","2,6",206,"12,6",246
13/05/2021,18,"22,5","14,4",52,82,32,"1008,5","1011,3","1005,9","0,6","27,1","2,9",253,"12,9",259
14/05/2021,"17,1","22,5","15,4",65,81,31,"1009,5","1013,2","1005,9","0,1","20,8","2,4",145,"10,3",158
15/05/2021,"19,2","24,6","14,5",59,75,33,"1008,7","1012,5",1006,0,"23,5","2,3",221,"11,1",229
16/05/2021,"19,1","26,8","16,5",62,85,39,"1006,9","1010,2","1005,3",0,"16,4",2,117,"7,8",68
17/05/2021,"17,1","19,7","15,6",71,85,52,"1014,2","1017,7",1010,0,"20,9",3,199,11,206
18/05/2021,"17,9","20,7","15,5",77,96,57,"1014,4","1017,6","1010,7",0,"16,1","2,8",188,"12,4",261
19/05/2021,"17,3","20,4","15,5",70,96,49,"1018,1","1021,2","1014,8",0,"24,7","2,9",217,"10,3",232
20/05/2021,"17,8","21,5","15,1",72,96,40,"1019,1",1021,1017,"0,1","28,4","2,7",186,"9,6",227
21/05/2021,"18,9","21,7","16,4",70,98,47,1012,"1017,4","1008,3",0,"27,3","2,6",230,"10,3",238
22/05/2021,17,"19,1","15,7",70,97,58,"1011,1","1014,1",1009,0,"21,9","2,2",115,"6,3",146
23/05/2021,"16,3","17,5","15,5",65,73,55,"1014,5","1016,4","1012,8",0,11,"1,6",154,"5,7",151
24/05/2021,"18,7","23,1",15,64,91,38,1014,"1020,3","1011,6","0,3","28,1","3,3",244,"11,5",261
25/05/2021,"16,9","18,6","15,6",66,75,50,"1021,1","1022,9","1019,5",0,"13,7",2,197,"6,9",159
26/05/2021,"17,8","20,9","15,1",66,75,57,"1016,6","1020,6",1014,0,"25,6",2,210,"7,2",164
27/05/2021,"19,4","22,6","16,7",69,83,53,"1013,8","1015,4","1012,8",0,"28,4","1,9",200,7,209
28/05/2021,20,"23,2","17,1",67,82,50,"1013,6","1015,4","1012,2",0,"29,2","1,9",170,6,149
29/05/2021,"23,4","28,2",18,46,72,28,"1014,4","1015,5","1013,4",0,29,"1,5",220,"7,7",261
30/05/2021,"22,4","25,1","20,2",57,80,43,"1014,1","1015,1",1013,0,24,"1,8",115,"8,4",78
31/05/2021,"21,4","23,6","19,8",61,75,47,"1012,5",1014,1011,0,"23,3","1,7",144,"6,6",261
01/06/2021,"20,4","22,5","18,9",79,100,48,"1009,4","1011,4","1006,5","1,6","17,4","1,8",99,7,88
02/06/2021,"20,8","23,3","18,8",81,99,64,"1012,3","1016,1","1009,5",0,"27,8","2,5",78,"6,9",99
03/06/2021,"20,9",23,"19,4",81,96,70,"1016,6","1018,3","1015,3",0,"24,5","2,8",87,8,119
04/06/2021,21,"22,9","19,7",80,96,61,"1017,7","1019,5","1016,3",0,20,"2,9",84,"7,9",77
05/06/2021,"20,9","22,7","18,9",67,94,56,"1018,3","1019,9","1016,1",0,"25,5","1,9",164,"6,9",106
06/06/2021,"22,5","26,9","19,2",54,80,40,1016,"1017,7","1014,4","1,1","26,9","2,5",246,"12,7",234
07/06/2021,"21,9","26,6","19,2",61,82,30,"1016,5","1017,6","1015,2",0,"30,6","1,9",196,"7,6",243
08/06/2021,"22,6","26,4","18,8",65,83,44,"1016,4","1017,6","1014,9",0,"30,4",2,220,"8,2",250
09/06/2021,"24,3","27,7","20,2",54,78,38,"1016,2","1017,5","1015,4",0,"28,3","1,6",196,"5,7",152
10/06/2021,"25,8","30,2","21,6",44,63,29,"1014,8","1016,1","1013,5",0,"29,5","2,1",212,"8,7",236
11/06/2021,"26,3","29,9","22,6",40,50,29,"1013,7","1014,9","1012,9",0,"24,8","1,3",168,"6,6",110
12/06/2021,"27,4",31,"22,8",38,48,29,1016,"1017,6","1014,4",0,"29,8","1,6",200,"6,3",138
13/06/2021,"27,9","30,5","24,8",40,47,33,"1015,9","1017,3","1014,1",0,"29,9","2,1",208,"8,5",235
14/06/2021,"27,9","31,4","25,8",42,63,30,"1013,5","1015,3","1011,9",0,"29,6",2,190,"8,6",214
15/06/2021,"27,8","32,1","24,1",43,60,28,"1012,8","1014,3",1011,0,"28,9","1,5",174,"6,6",221
16/06/2021,"26,2","29,1","24,4",56,74,35,"1009,4",1011,"1006,9",0,"22,6","2,2",86,"6,6",92
17/06/2021,"24,4","26,2","23,3",79,97,51,"1007,1","1009,3","1005,4",0,"11,8","3,3",92,"12,5",90
18/06/2021,"24,6","27,4","22,2",72,92,54,"1010,2","1012,6","1007,8",0,"26,8","2,1",130,"6,2",73
19/06/2021,"24,7","26,5",23,74,92,55,"1010,4","1011,8","1007,9",0,"15,2","1,6",131,"6,3",201
20/06/2021,"25,4","28,9","23,8",55,73,36,"1005,1",1008,1003,0,18,"2,4",260,"9,4",236
21/06/2021,"25,8","29,9","22,7",50,73,31,"1004,8","1006,2","1003,9",0,"29,3","3,1",250,"9,7",203
22/06/2021,"23,1","25,1","21,6",61,78,33,"1009,5","1012,6","1005,8",0,"28,4","2,3",120,"6,7",119
23/06/2021,"22,2",26,"18,3",58,74,41,"1013,1","1015,7","1011,2","1,1","18,3","2,3",299,"13,2",321
24/06/2021,"22,2","25,1","18,7",55,79,34,"1016,7","1018,8","1014,8",0,31,"2,1",104,"7,3",317
25/06/2021,"23,1","26,5","20,4",69,80,52,"1015,8","1018,9","1013,4",0,"30,7","2,4",215,"11,1",262
26/06/2021,"24,2","27,9","21,5",64,81,40,"1012,5","1015,3",1010,0,"26,7","2,2",221,"8,9",244
27/06/2021,"24,4",28,22,67,83,41,"1009,8","1011,8","1008,8",0,"29,4","1,9",196,"7,4",208
28/06/2021,"23,8","26,9","21,8",70,87,58,"1009,9","1012,8","1008,2",0,"28,3","2,5",121,"8,1",83
29/06/2021,"23,4","25,4","22,3",67,73,54,"1012,9",1015,"1011,6",0,"22,5","2,6",141,"8,1",137
30/06/2021,"23,4","25,8","22,2",64,81,56,1014,"1015,1","1012,5",0,"20,6","2,3",177,"7,8",199
01/07/2021,"24,8","27,9","22,7",69,85,53,"1013,3","1014,9","1011,8",0,"27,8","2,4",224,"9,5",230
02/07/2021,"25,8","29,6","22,4",61,82,33,"1012,4",1014,"1010,7",0,"29,8","2,2",237,"8,6",216
03/07/2021,"25,5","29,5","22,9",71,83,53,"1010,4","1011,6","1009,5",0,"25,5","1,9",212,"9,2",214
04/07/2021,"24,8","28,9",23,68,83,51,"1009,9","1013,1","1008,3",0,"22,7","2,2",128,"10,9",99
05/07/2021,"25,8","29,2","22,7",64,81,51,"1009,6","1012,7","1006,8",0,"29,8","2,2",235,"7,7",211
06/07/2021,"25,6","28,4","24,3",76,89,43,"1007,2","1010,4","1005,5",0,"24,1","2,3",165,"7,4",85
07/07/2021,25,"27,5","23,5",58,78,39,"1011,1","1014,3","1009,1",0,"18,4","1,9",176,7,156
08/07/2021,"23,6","27,2","20,3",62,81,35,"1017,2","1020,6","1013,8",0,"27,5","2,5",137,"9,4",214
09/07/2021,"24,9","27,8","22,3",58,70,49,"1017,4","1020,4","1014,6",0,"28,7","2,8",244,"12,3",242
10/07/2021,"26,2","29,5","22,7",55,73,33,1013,"1016,2","1010,2",0,29,3,261,"14,1",223
11/07/2021,"25,5","27,8","23,4",68,85,46,"1011,6","1014,1","1006,9",0,"25,7","2,2",156,"8,2",165
12/07/2021,25,"28,4","23,2",68,85,32,"1006,7",1010,"1004,9",0,"15,4","2,3",185,"10,1",78
13/07/2021,"23,1","26,7","18,7",42,60,30,"1010,8","1013,4","1009,4",0,"25,4","2,9",293,"9,4",230
14/07/2021,"22,7","25,5","19,8",58,79,42,"1014,6","1016,9","1012,7","0,1","26,9","2,6",76,"9,3",79
15/07/2021,"23,8","27,3","21,3",68,79,48,"1015,2","1016,6","1013,6",0,"27,3","2,4",109,"9,3",170
16/07/2021,"24,7","28,4","22,1",67,81,35,"1014,4","1015,7","1012,8",0,"28,1","2,1",207,"8,4",188
17/07/2021,25,"28,9","22,2",68,82,41,"1013,3","1015,2","1011,7",0,28,"2,2",224,"8,3",209
18/07/2021,"25,9","29,7","22,6",62,78,28,"1009,8","1012,8","1008,6",0,"28,7",2,231,"7,2",207
19/07/2021,"28,6","32,9","24,7",46,68,32,"1008,7","1010,8","1007,3",0,"28,9","2,5",224,"11,7",252
20/07/2021,"27,7","31,5","24,5",57,76,38,"1010,8","1013,5","1009,6",0,"28,4","2,6",243,"11,2",247
21/07/2021,"27,6","31,5","24,8",59,74,42,"1013,7",1015,"1011,3",0,"28,1","2,1",224,"7,2",224
22/07/2021,"28,5","32,6","24,9",51,73,34,"1012,8","1014,4","1010,9",0,"28,3","2,4",242,"8,8",221
23/07/2021,"28,5","33,3",25,50,78,28,"1008,9","1012,1","1006,3",0,"26,1","1,8",223,"9,2",231
24/07/2021,"26,3","28,1",25,63,75,54,"1005,4","1006,5","1004,7",0,"26,6","2,4",98,"8,1",118
25/07/2021,"25,9","28,5","24,5",61,66,50,"1006,7","1008,5","1005,5",0,26,2,135,"8,5",163
26/07/2021,26,"29,3","24,4",56,67,39,"1009,7","1012,6","1007,3",0,"14,9","1,9",224,"6,2",197
27/07/2021,"26,3","30,4","23,7",58,75,34,"1010,6",1012,"1009,3",0,"28,2","2,7",254,10,239
28/07/2021,25,"27,8","23,6",68,78,56,"1011,5","1013,1","1009,5",0,"26,9","2,6",96,"10,2",94
29/07/2021,"25,9","28,6","23,5",61,79,49,"1010,8","1012,7","1008,6",0,27,2,226,"7,6",230
30/07/2021,"26,4","30,2","24,1",73,88,59,1008,"1009,4","1006,7",0,"24,4","2,4",156,"9,5",81
31/07/2021,"24,1","27,6",17,66,95,46,"1006,8","1008,9",1004,"6,7",15,"2,1",98,"15,7",269
01/08/2021,"22,6","25,7","18,9",57,78,43,"1010,4","1012,9",1008,0,"26,2","2,3",248,"8,2",178
02/08/2021,"23,7","26,2",21,68,78,59,"1012,8","1014,3","1011,7",0,"23,8","2,2",109,"7,3",102
03/08/2021,"25,5","29,1","22,6",66,79,42,"1011,6","1013,4","1009,2",0,24,"2,3",220,"9,6",222
04/08/2021,"24,3","29,6","21,3",69,81,55,1010,"1013,6",1008,"0,3","14,4","2,2",98,"11,9",91
05/08/2021,"25,5","29,7","21,7",67,91,46,"1009,7","1013,3","1006,4",0,"26,1",2,242,9,213
06/08/2021,"24,5","26,5","23,4",79,94,59,"1006,7","1009,2",1004,0,"14,9",3,87,8,125
07/08/2021,"25,3","29,8","23,1",72,88,55,"1003,7","1009,3","1001,5",0,"21,9","2,3",113,"9,5",81
08/08/2021,"23,7","25,5","22,5",59,66,54,"1012,3","1014,8","1008,7",0,"22,5","2,2",104,"6,7",97
09/08/2021,"24,4","27,1",22,54,71,38,"1013,9",1016,"1012,4","0,8","15,9","1,3",113,"6,4",148
10/08/2021,"25,5","30,2","22,7",55,76,33,"1012,7","1015,6","1010,9",0,"15,4","1,4",86,"6,7",85
11/08/2021,"26,9",31,"23,6",47,74,32,"1013,2","1014,9","1012,1",0,"15,3","1,4",94,"6,3",77
12/08/2021,"26,8","29,9","24,7",67,98,43,"1013,6",1016,"1011,9",0,"23,1","1,8",102,"5,7",38
13/08/2021,"27,3","31,7","24,1",65,97,32,"1016,9","1018,1","1015,4",0,"25,2","1,5",98,"5,7",94
14/08/2021,"28,8",35,"25,1",60,89,28,"1014,2","1016,8","1011,7",0,"23,6","1,7",202,"9,8",234
15/08/2021,"26,9","29,3","24,7",75,96,58,1012,"1013,4","1009,9",0,"20,7","1,9",98,"5,9",136
16/08/2021,27,"31,3","24,9",64,81,45,"1012,8",1015,"1011,2",0,"23,4","2,5",235,"8,8",243
17/08/2021,"25,1","27,7","22,2",54,73,39,"1014,5","1016,2","1013,1",0,"24,3","2,2",222,"7,3",170
18/08/2021,"24,7","27,1","22,1",59,80,39,"1013,3",1015,"1011,4",0,"24,4","2,1",110,"7,6",148
19/08/2021,"24,2","26,7","22,6",77,86,65,"1011,3","1012,8","1009,7",0,"11,2","1,5",153,"5,9",163
20/08/2021,"25,6","28,3","22,9",72,83,59,1012,"1013,6","1010,7",0,"21,9","1,9",155,7,203
21/08/2021,"26,7","29,9","24,2",70,80,54,"1013,9","1015,4","1012,9",0,"23,9","2,1",245,"8,8",221
22/08/2021,"26,1","28,8","23,9",68,88,50,"1015,8","1016,9","1014,7",0,"23,9","1,6",108,"6,4",161
23/08/2021,"25,3","27,4","24,2",68,72,59,1014,"1016,1","1011,8",0,"11,3","1,8",193,7,164
24/08/2021,"24,3","27,1","21,5",70,100,51,"1011,3","1012,5","1009,9",10,"14,9","1,7",139,"6,6",199
25/08/2021,"24,6","26,6","23,2",60,71,41,"1010,2","1011,3","1008,5",0,"20,6","1,7",84,"6,7",139
26/08/2021,"25,5","28,8","22,2",69,91,53,"1009,7",1011,"1008,3",0,"21,8","2,3",255,"9,5",240
27/08/2021,"26,4","29,7","24,4",76,95,63,"1008,5","1009,9","1007,1",0,"23,1",2,131,"9,1",62
28/08/2021,"24,9","26,5",24,59,75,51,"1009,9","1011,5","1008,8",0,"22,3","2,4",123,"7,1",134
29/08/2021,"24,5","26,4",23,58,69,48,"1010,5","1011,6","1009,4",0,"16,2","2,2",224,"8,3",208
30/08/2021,23,"24,3",22,74,90,62,"1010,7","1012,1","1009,3","2,3",7,"1,5",67,"6,9",80
31/08/2021,"23,9","26,4","21,9",71,79,58,"1013,3","1015,2","1011,8",0,"20,5",2,79,"8,4",79
01/09/2021,"23,7","25,2","21,8",61,76,44,"1014,2","1015,7","1011,8","0,2","8,5","2,4",64,"9,5",78
02/09/2021,24,"27,2","21,2",63,76,48,1013,"1015,6","1009,7","0,5","11,2","2,7",68,"10,8",82
03/09/2021,"24,4","27,8","21,7",64,80,55,"1012,1","1013,2",1010,"0,1","21,1","1,8",75,"6,7",74
04/09/2021,24,"26,6","21,5",72,80,63,"1012,2","1013,6",1011,0,"14,8","1,7",184,"6,9",201
05/09/2021,"25,8","29,6","22,7",72,83,58,"1013,7","1015,9","1012,6",0,"21,7","2,4",253,"9,5",256
06/09/2021,"26,1","29,3","23,8",74,87,60,"1015,9","1017,7","1014,4",0,"18,5","2,2",235,"7,3",185
07/09/2021,"25,9","28,6","24,2",76,96,49,"1015,1",1017,"1012,8",0,14,"1,5",208,"6,2",182
08/09/2021,"25,8","28,8","23,5",74,87,51,"1009,8","1012,9","1007,8","0,3","20,7","2,3",86,"7,5",73
09/09/2021,"25,5","27,9","23,9",70,86,54,"1008,8","1010,5","1007,6","0,2","19,2","2,7",66,"9,2",97
10/09/2021,"23,9","27,4","21,8",66,78,50,"1012,3","1015,5","1009,6","0,1","14,3",2,45,"9,9",86
11/09/2021,"24,7","28,4",21,63,73,44,"1014,1","1015,8","1012,4",0,"19,2","1,7",242,"7,8",190
12/09/2021,"25,3","28,3","23,4",73,82,59,"1011,9","1013,3","1010,6",0,"13,6","1,7",217,"7,6",230
13/09/2021,"26,1","29,2","23,7",74,85,54,"1011,9","1013,2","1010,6",0,"16,5","2,2",251,"8,7",197
14/09/2021,"26,3","29,1","24,9",83,95,59,"1009,8","1011,2","1007,7",0,"15,4","2,3",161,"8,5",107
15/09/2021,"26,7","30,4","22,8",68,93,49,1009,"1011,7","1007,2","0,1",18,"2,3",261,"11,1",186
16/09/2021,"24,4","27,4","21,6",68,84,45,"1012,2","1014,1","1009,9","0,7",19,"1,9",173,10,200
17/09/2021,"24,9","29,1","21,7",61,78,39,"1010,5","1013,3","1008,1",0,"20,6","2,2",253,"9,2",284
18/09/2021,"23,4","26,5","21,7",76,100,57,"1009,8","1011,4","1007,9","5,2","11,5","1,5",57,"7,3",71
19/09/2021,"22,2","25,8","17,8",49,69,34,"1013,7","1015,3","1011,2",0,"21,5","2,6",270,"11,9",332
20/09/2021,"20,6","25,1","16,8",65,100,39,1015,"1017,5","1013,5","17,6","14,3",2,53,"9,5",97
21/09/2021,"20,1","22,4","17,6",55,74,44,"1017,8","1019,3",1016,0,"6,7","1,1",26,"5,7",345
22/09/2021,"21,8","24,4","19,7",56,68,47,"1016,5","1018,7","1014,9",0,"11,8","2,7",59,"10,4",81
23/09/2021,"21,9","24,9","19,4",59,77,48,"1015,6","1017,4","1014,5","4,1","10,4","2,5",64,"9,2",81
24/09/2021,"22,4","25,1","19,3",66,90,47,"1013,4","1014,8","1011,5",0,"9,3","1,8",54,"7,8",83
25/09/2021,"24,7","27,9","22,1",72,91,57,"1012,5","1013,4","1011,5",0,"16,3","1,5",234,"7,1",222
26/09/2021,"24,7","30,1","22,3",61,90,30,"1014,3","1016,9","1012,2",0,"18,4","2,1",264,"7,7",94
27/09/2021,"24,7",30,"21,2",61,88,39,"1016,1","1018,9","1014,7",0,"18,4","1,7",255,"7,5",232
28/09/2021,"23,8",27,"21,6",68,82,48,"1016,9",1019,1015,0,"18,2","2,2",261,9,231
29/09/2021,22,"24,4","18,9",73,100,61,1020,"1022,7","1016,3","14,9","9,4","1,4",183,"6,2",221
30/09/2021,"21,9","24,5","20,2",68,78,52,"1020,2","1022,3","1018,2",0,"14,5","1,7",273,"7,6",217
01/10/2021,"21,3","23,8","18,9",76,87,65,"1016,5",1019,"1014,8",0,"14,5","1,6",65,"6,4",72
02/10/2021,"22,5","25,3",19,72,87,56,"1012,3","1015,8","1008,5","0,2","17,2","1,9",221,"7,7",234
03/10/2021,"23,4","25,6","17,5",72,100,52,"1006,4","1009,4","1004,9","5,5","9,6",3,240,"10,1",220
04/10/2021,17,"18,8","14,3",84,100,62,"1012,3","1015,1",1009,"20,7",6,"1,4",315,"6,8",300
05/10/2021,"20,4","25,4","15,1",53,81,33,"1013,7","1016,3","1011,9",0,18,"2,3",289,"8,6",216
06/10/2021,"19,9","21,9","18,3",66,76,56,1018,"1019,5","1015,6","0,3","12,5","1,7",215,"8,5",223
07/10/2021,"19,9","23,1",17,60,75,44,"1016,2","1018,8","1013,6",0,"16,9","1,7",232,"7,6",141
08/10/2021,"19,7",22,"17,2",58,70,44,"1016,1","1017,1","1015,2",0,"16,9","1,6",247,"6,5",180
09/10/2021,"19,2","21,2",18,70,82,60,"1017,1","1018,6","1015,8",0,"6,9","1,5",103,"6,4",139
10/10/2021,"19,1","20,5","17,6",64,74,52,"1018,2","1019,1","1017,4",0,"6,1","1,2",102,"5,2",69
11/10/2021,"19,5","22,9","15,9",62,74,44,"1017,6","1019,2","1016,4",0,"16,7","1,4",255,"6,5",240
12/10/2021,"19,6","23,7","15,4",60,77,37,"1013,8","1016,9","1011,5",0,"16,1","1,1",113,"6,6",160
13/10/2021,"19,4","21,6","17,3",60,82,46,1015,"1018,1","1012,5",0,"13,6","1,4",105,"6,6",140
14/10/2021,"18,7","20,6","16,7",59,73,46,"1018,8","1020,4","1017,5",0,"15,4","1,5",90,"5,5",141
15/10/2021,20,"24,6","16,7",72,95,51,1014,"1017,7","1011,6",0,"10,7","1,4",171,"6,1",222
16/10/2021,"19,5","21,9","18,3",73,92,57,"1013,9","1015,2","1012,4",0,"14,2","1,5",100,"5,4",116
17/10/2021,"19,3","21,8","17,2",71,80,63,"1015,6","1018,1","1013,8",0,"13,4","1,4",70,"5,9",141
18/10/2021,"20,3",23,"18,2",77,89,63,"1019,7","1022,4","1017,4",0,"9,9","1,1",95,"4,6",86
19/10/2021,21,"24,5","18,3",74,90,56,"1022,2","1023,6",1021,0,14,"1,9",245,"8,7",234
20/10/2021,"21,1","23,6","19,6",69,79,57,"1017,9","1021,5","1013,7",0,10,"2,6",248,10,240
21/10/2021,"19,5",21,"17,8",72,81,65,"1013,5","1015,1","1011,9","0,2","5,7","1,5",69,"6,1",127
22/10/2021,"18,5","21,6","16,6",64,74,49,"1015,2","1017,1","1013,6",0,"9,7","1,2",46,"5,5",344
23/10/2021,"16,9","19,8","14,3",60,74,42,"1017,7","1019,5","1015,8",0,"12,9","1,2",58,"5,9",358
24/10/2021,"18,1","22,3","14,3",61,83,40,"1018,6",1020,"1017,5",0,"13,8","1,2",68,5,116
25/10/2021,18,"20,4","15,3",72,80,58,"1017,9","1019,1","1016,4",0,"13,6","1,2",70,"5,3",87
26/10/2021,"18,4","21,8","14,7",66,86,47,"1018,9","1020,3","1017,5",0,"13,6","1,5",271,"7,8",232
27/10/2021,"17,4","20,4","15,1",64,70,50,"1018,4","1019,9","1016,8",0,"11,6","1,7",50,6,97
28/10/2021,"17,4","20,4",15,66,79,48,"1014,2","1017,1","1011,7",0,"13,3","1,4",42,"5,4",24
29/10/2021,"18,5","22,6","15,9",77,100,53,"1008,9","1011,7","1006,3","18,6","7,6","1,4",220,"10,3",263
30/10/2021,"19,3","22,1",17,93,100,79,"1004,2","1006,7","1002,4","11,3","3,2",2,262,"10,7",244
31/10/2021,"20,4","26,1","17,5",83,100,47,"1004,4",1006,"1002,3","0,1","10,9","1,3",305,7,243
01/11/2021,"19,7","24,5","15,8",58,100,30,"1003,7","1006,7","1000,9","1,4","12,2","2,2",275,"9,8",295
02/11/2021,"16,3","20,2","13,9",46,57,35,"1004,7","1008,2","999,4",0,10,2,290,"10,1",269
03/11/2021,"14,7","17,7","12,2",55,70,39,"999,9","1004,2","997,9","0,5","8,2","2,3",314,"9,2",341
04/11/2021,"13,2","16,7","10,7",60,76,52,"1008,4","1012,9","1004,1","0,4","7,4","1,5",4,6,301
05/11/2021,"12,9","15,6","9,8",57,73,45,"1015,1","1018,8","1012,5",0,"11,5","1,5",359,"7,1",8
06/11/2021,"13,3","18,8","9,4",37,50,22,1018,"1019,8","1016,6",0,13,2,18,"8,8",84
07/11/2021,"13,8","19,2",9,39,52,24,"1013,7","1016,8","1011,7",0,"12,6","1,3",252,"7,7",306
08/11/2021,15,"18,9","10,3",54,70,34,"1010,8","1012,7",1009,0,"12,3","1,1",237,"5,4",337
09/11/2021,"14,7","17,1","11,4",53,66,34,"1013,6","1014,8","1012,2","0,3","4,5","2,1",33,"10,8",44
10/11/2021,"15,3","16,4","13,1",72,99,58,"1012,2","1014,5","1009,8","12,6","1,7","2,1",23,8,36
11/11/2021,"16,7","18,3","14,6",71,88,61,"1012,3",1014,"1010,4","2,8","4,3","3,3",48,"13,8",76
12/11/2021,"17,5","20,8","15,8",60,69,45,"1011,6",1013,"1010,4","0,2","5,7","1,4",350,"8,2",58
13/11/2021,"17,2","20,4",16,63,77,48,"1013,5","1014,9","1012,1",0,"8,9","1,3",51,"5,2",87
14/11/2021,15,"17,2","12,2",71,100,55,"1011,1","1012,9","1009,9","4,7","5,4","1,7",59,"6,7",69
15/11/2021,"13,8","15,9","11,2",68,98,49,"1011,2","1013,4","1009,6","0,1","4,2","1,4",317,6,304
16/11/2021,"13,2","16,5","11,2",62,79,52,"1013,3","1014,7","1012,1","1,5","3,7","1,3",291,"5,3",318
17/11/2021,"13,6","17,6","10,7",60,75,43,"1016,2","1020,4","1013,1",0,"10,7","1,6",289,"8,2",337
18/11/2021,"13,1","16,4","9,8",59,71,43,"1022,8","1025,9",1020,0,"10,4",1,232,5,312
19/11/2021,"13,4","16,5","9,9",70,85,56,"1024,9","1026,7",1024,0,"10,2","0,8",190,"3,8",136
20/11/2021,"13,8","16,9","10,3",69,84,56,"1019,7","1024,5","1014,4",0,"6,4","0,7",154,"3,1",233
21/11/2021,"14,8","17,4","13,1",73,89,50,"1009,2","1014,8","1005,8",0,"7,1","0,9",60,"4,6",85
22/11/2021,"13,6","15,3","11,3",68,86,57,"1007,5",1011,1005,"0,8","6,7",2,70,"7,1",62
23/11/2021,"13,1",15,"11,5",76,100,57,"1009,8",1011,"1008,4","27,9","2,3","3,4",78,"14,1",83
24/11/2021,"12,3","15,3","9,7",84,100,64,1006,"1010,3","1002,2","15,6","2,9","2,5",69,"11,1",75
25/11/2021,"11,5","14,1","8,9",70,100,54,"1000,8","1002,6","999,5","10,2","4,5","1,9",9,"11,1",120
26/11/2021,"10,8","14,3","8,6",59,70,48,1001,"1002,4","999,1",0,10,"2,5",311,"9,5",318
27/11/2021,"9,8","13,8","6,6",57,67,47,"996,1","999,5","993,4",0,"5,5","3,1",301,"12,6",336
28/11/2021,"7,9","11,5","5,8",54,65,39,"1001,3","1003,6","998,4",0,"7,8","4,6",303,"16,7",307
29/11/2021,10,"14,8","6,1",52,66,34,"1008,7","1017,4","1001,5",0,10,"2,6",291,"12,7",322
30/11/2021,"11,1",15,"7,8",65,74,56,"1020,4","1022,8","1017,3",0,"6,1","0,8",234,"4,6",241
01/12/2021,"11,7","15,6",9,63,76,48,"1011,4","1019,2","1003,6",1,"7,4","2,5",317,"9,7",315
02/12/2021,"11,8","15,3","9,1",51,76,20,"1003,6","1008,2","1001,6","0,2","9,4","2,1",330,"9,7",355
03/12/2021,"10,6","14,6","7,6",51,63,32,"1012,3","1016,4","1007,1",0,"9,4","1,8",280,"11,5",328
04/12/2021,"13,5","18,3","9,9",55,72,41,"1010,9","1015,2","1008,3",0,8,"2,4",294,"11,8",318
05/12/2021,"10,6","12,9","7,4",48,58,33,1007,"1010,5","1003,4",0,"8,7","4,8",312,"18,4",319
06/12/2021,"10,6","14,8","6,8",49,68,32,"1013,1","1014,9","1010,1",0,"8,3","2,2",280,"10,8",320
07/12/2021,"12,4","15,9","8,3",67,79,44,"1011,1","1016,4","1002,3",0,"8,8","1,4",229,"6,8",242
08/12/2021,"12,3","14,7","8,2",46,81,32,"1002,3","1005,8","1000,6",0,"9,4","4,6",293,"17,6",271
09/12/2021,"9,4","12,6","6,8",54,69,39,"1008,4",1011,"1005,6",0,6,"3,4",310,"15,9",320
10/12/2021,"14,2","17,5","10,4",56,73,41,"1003,6",1009,1001,0,"4,9",5,313,"15,7",319
11/12/2021,"11,7","14,8",8,63,71,49,"1014,2","1019,9","1008,7",0,"8,8","1,2",44,5,83
12/12/2021,"13,4","17,6","10,9",62,75,47,"1021,5",1023,"1019,4",0,"8,9","1,5",297,"6,6",301
13/12/2021,"12,7",17,"9,2",73,88,57,"1022,1","1023,7","1020,5",0,"8,8","1,2",259,"8,3",226
14/12/2021,"11,7","15,4","8,5",79,96,58,"1022,3","1023,8","1021,4",0,"8,4","0,8",85,"4,7",337
15/12/2021,"12,3","17,4","8,1",66,96,40,"1022,7",1025,"1021,5",0,"8,8","0,6",121,3,136
16/12/2021,"11,5","14,6","8,5",74,94,54,"1025,3","1026,9","1024,4",0,"7,6","0,8",89,"4,1",150
17/12/2021,"11,8","14,4","10,4",73,82,59,"1026,2",1028,"1025,2",0,"7,9","1,2",67,"4,4",96
18/12/2021,"11,5","14,6","8,3",72,80,55,"1025,6",1027,"1024,1",0,"8,4","0,9",71,"3,8",2
19/12/2021,"11,1","14,1","7,8",72,84,59,"1022,4","1026,7","1018,5",0,"8,3","1,2",263,6,241
20/12/2021,11,"16,1","8,5",53,75,42,"1016,4","1018,6",1015,0,"8,7","2,7",295,"10,5",316
21/12/2021,"10,8","13,2","6,7",70,81,56,"1016,2","1017,4","1015,1",0,"5,7","1,3",54,"5,1",82
22/12/2021,"11,2","11,9","10,6",85,100,74,"1017,8","1019,3","1016,1","0,2","1,4","1,2",60,"4,3",88
23/12/2021,13,"14,9","11,4",89,100,76,"1016,1",1019,"1013,6",0,2,"1,5",262,"6,2",286
24/12/2021,"14,1","15,7","13,1",86,99,76,"1008,8","1013,6","1003,8","0,3","3,4","1,6",250,6,261
25/12/2021,"14,9","19,3","11,9",68,93,44,"1002,5","1003,9","1000,9",0,"7,1","1,6",267,"7,9",306
26/12/2021,"14,5","18,6",12,58,69,44,1005,"1006,6","1002,8",0,"7,5","1,4",289,"6,1",309
27/12/2021,"16,8","20,6","13,1",53,71,42,1005,"1009,2","1001,6",0,"6,9","2,8",290,"14,1",314
28/12/2021,"17,4","20,4",15,50,57,41,"1010,3","1013,7","1007,8",0,"6,9","2,6",284,15,305
29/12/2021,17,"21,8","13,6",56,70,40,"1015,8","1018,4","1013,1",0,"8,2","1,8",319,"11,2",318
30/12/2021,"16,6","21,3","13,3",62,74,44,"1018,7",1020,"1017,6",0,"7,7","0,8",191,"4,5",285
31/12/2021,"14,3","18,1","11,1",75,100,50,"1022,4","1024,9","1019,7",0,"8,7","0,8",119,"4,3",269
01/01/2022,"12,4",18,"8,5",77,100,52,"1022,9",1024,"1021,5",0,"9,2","1,4",257,"4,6",261
02/01/2022,"12,4","15,8","9,6",83,100,54,"1023,9","1025,1","1022,7",0,"8,7","1,2",227,"5,8",256
03/01/2022,"11,8","15,8","8,4",80,100,54,"1019,6","1024,5","1013,5",0,"7,9","1,8",248,"6,1",256
04/01/2022,"14,6","20,8","11,1",70,98,45,"1006,5","1013,5","1000,3",0,9,"2,1",264,"6,4",260
05/01/2022,"11,2","14,1","8,6",68,99,42,"1005,9","1010,3","1000,4",7,"4,9","2,1",331,"9,8",86
06/01/2022,"8,7","13,1",6,39,55,25,"1013,1",1017,"1009,8",0,10,"1,7",298,"7,4",329
07/01/2022,"9,1","13,3","5,7",44,52,29,1019,"1020,7","1016,9",0,"9,7","1,4",263,6,280
08/01/2022,"10,5","14,4","8,3",51,65,40,"1017,1","1020,5","1011,3",0,"6,1","2,2",279,"12,4",328
09/01/2022,"12,6","15,9","10,2",54,70,40,"1009,2","1011,6","1006,9",0,"8,7","3,2",315,16,292
10/01/2022,"11,1","12,3","9,7",77,99,70,"1011,1",1017,"1006,3",0,"0,7","1,6",54,"7,5",88
11/01/2022,12,"16,8","8,6",72,87,31,"1019,2","1022,8","1016,8",0,"9,8","1,1",126,"6,7",147
12/01/2022,"10,8","12,8","8,3",60,70,49,"1025,8","1029,4","1022,5",0,"8,5","1,5",67,"5,4",105
13/01/2022,"9,4","12,7","6,5",59,75,40,"1030,3","1031,8","1029,1",0,10,1,59,"3,9",351
14/01/2022,"10,1","13,6","6,6",52,70,33,"1029,1","1031,4","1025,8",0,"8,9",1,3,"4,2",125
15/01/2022,"9,9","14,9","7,2",39,66,23,"1023,1",1026,"1021,1",0,"10,5","2,4",276,"9,3",287
16/01/2022,"9,6","13,7","5,6",42,54,27,"1025,1","1027,7","1021,7",0,"10,4","0,8",198,"3,6",310
17/01/2022,"10,7","16,9","6,7",36,54,17,"1027,2","1029,8",1026,0,"10,6","1,4",267,"6,6",308
18/01/2022,"10,1","12,9","7,2",58,75,33,"1026,9","1029,2","1025,1",0,"9,3","1,4",42,"6,4",85
19/01/2022,"10,1","12,9","7,6",69,77,55,1027,"1029,1","1025,1",0,"7,1",1,7,"4,3",207
20/01/2022,"10,4","14,1","7,5",60,76,44,"1022,7","1025,3","1020,4",0,"9,9","1,3",291,"5,1",338
21/01/2022,"9,2","12,3","7,6",57,66,47,1022,"1025,8","1019,4",0,"6,5","1,5",354,"6,7",357
22/01/2022,"8,9","13,2","5,6",45,55,32,"1025,9","1027,6","1024,4",0,"10,7","1,4",290,"6,7",312
23/01/2022,"9,3","12,5","5,8",59,74,45,"1025,2","1026,7","1023,7",0,"10,8","0,9",296,"5,1",220
24/01/2022,"9,6","13,9","6,3",69,81,53,"1026,1","1028,5","1024,4",0,"8,4","0,8",116,"4,4",136
25/01/2022,"9,9","13,6","6,3",71,87,52,"1028,8","1030,1","1027,9",0,"10,8","0,9",151,"4,7",164
26/01/2022,"10,9","15,1","6,4",59,85,32,"1026,2","1028,3","1024,5",0,"11,3","1,3",242,"5,4",251
27/01/2022,"10,9",15,"6,6",61,87,29,1025,"1026,3","1024,1",0,"11,4","0,9",98,"4,7",121
28/01/2022,"12,5","19,7","6,9",41,70,19,"1025,7","1027,3","1024,2",0,"11,8","0,8",194,"6,4",323
29/01/2022,"12,5",17,"8,7",46,66,27,"1027,6","1029,5","1026,5",0,"11,6",1,172,"4,3",260
30/01/2022,13,"18,9","7,4",41,61,25,"1022,2",1027,"1018,3",0,"11,8","1,6",270,"10,2",320
31/01/2022,"12,3","14,8","8,9",59,82,33,"1016,9","1018,8","1015,1",0,"10,1","1,2",88,"5,7",6
01/02/2022,"12,7",17,"9,1",50,91,29,"1019,3","1021,1","1016,6",0,"12,1","1,7",276,"7,9",309
02/02/2022,13,"17,8","10,7",59,78,43,"1019,5","1021,6","1018,3",0,"12,4","1,5",151,"7,2",229
03/02/2022,"12,7","17,1","8,8",70,97,48,"1016,5","1018,7","1013,8",0,"12,2","1,3",98,"6,9",251
04/02/2022,"12,9","15,1","10,3",75,95,57,"1016,8","1019,1","1015,4",0,"6,8","1,2",220,"6,6",227
05/02/2022,"12,9","15,3",11,77,92,65,"1020,6","1023,4","1018,5",0,"6,1","1,1",53,"4,4",134
06/02/2022,"12,2","15,9","9,3",53,86,34,"1023,5","1025,2","1022,1",0,"11,4","2,3",311,"7,8",343
07/02/2022,"12,7","18,7","8,4",48,65,30,"1022,7",1026,"1020,7",0,"13,1","1,6",266,"10,9",319
08/02/2022,"12,6","16,1",10,68,85,56,"1028,1","1029,7","1025,7",0,"11,4","1,5",242,"7,4",205
09/02/2022,"12,4","15,8",10,69,83,53,"1027,8","1029,4","1026,2",0,"13,4","1,6",256,"6,7",238
10/02/2022,"11,8","15,5","9,3",70,79,57,"1024,1","1026,4","1021,8",0,"12,2","1,2",225,"6,6",193
11/02/2022,"12,5","16,7","8,5",65,80,47,"1022,3","1023,5","1021,1",0,"11,5",1,170,"5,6",203
12/02/2022,"12,2","13,2","11,3",70,79,61,"1022,1","1023,9","1021,2","0,2",3,"1,5",88,"5,3",110
13/02/2022,"13,3","16,3","11,4",76,86,55,"1017,1","1021,6","1012,1","0,5","8,4","2,4",227,"10,8",254
14/02/2022,"13,9","17,6",11,64,99,28,"1010,2","1014,1",1008,0,"11,4","2,5",270,"11,3",297
15/02/2022,"12,6","18,2","8,3",49,70,23,"1017,7","1020,4","1013,8",0,14,"2,1",316,"10,7",335
16/02/2022,13,"17,1","10,3",54,79,39,"1018,4","1020,1","1016,5",0,"10,2","1,8",312,"9,5",308
17/02/2022,"15,6","20,4","11,8",59,80,41,"1018,3","1020,5","1016,9",0,"14,7","1,8",316,9,322
18/02/2022,"14,5","19,3","10,7",72,96,45,"1013,5","1018,2","1009,8",0,15,"2,2",248,"8,9",252
19/02/2022,"12,4","14,2","10,4",70,95,51,"1017,1","1021,6","1013,5","0,1","1,9","1,4",330,6,315
20/02/2022,"12,2","17,2","8,2",54,70,32,"1022,5","1024,8","1021,1",0,"15,5",2,281,"7,3",314
21/02/2022,"14,2","20,9","9,7",56,78,33,"1018,8","1021,6","1014,4",0,"15,6","2,1",330,"9,8",316
22/02/2022,13,"17,5","10,2",55,73,28,"1022,6","1023,9","1021,5",0,"15,7","2,1",269,"10,4",311
23/02/2022,"13,4","17,9","10,5",67,80,39,"1021,6","1023,9","1019,1",0,"15,2",2,269,8,231
24/02/2022,"14,1","17,8","11,8",71,88,38,"1018,4","1020,6","1016,5",0,"13,5","1,6",205,"8,9",209
25/02/2022,13,"14,9","11,6",70,82,54,"1021,1","1022,7","1019,7",0,"6,7","1,4",216,"6,2",194
26/02/2022,"11,5","12,7","10,3",60,96,33,"1021,7","1023,2","1020,7","2,1","5,7","1,7",107,"7,5",73
27/02/2022,"11,9",15,"8,5",56,71,44,"1020,5","1022,5","1019,1",0,16,"1,4",178,"6,6",205
28/02/2022,"12,7","15,1","11,5",61,69,54,1023,"1025,1","1021,7",0,"12,2","1,9",227,"7,2",192
01/03/2022,"12,8","15,5","10,5",66,78,51,"1022,2","1023,9","1020,8",0,"16,6","1,7",88,"7,4",86
02/03/2022,"12,5","14,5","10,5",79,96,70,"1017,8","1021,9","1014,9","0,6","3,5","1,3",204,"6,5",231
03/03/2022,"13,6","17,5","10,7",66,82,43,"1012,1","1015,5","1009,4",0,"16,8","2,1",254,"8,7",231
04/03/2022,"13,4","16,8","10,6",66,81,47,"1010,6","1012,2","1009,3",0,"9,9","1,4",87,"6,8",214
05/03/2022,"13,5","16,8","11,5",48,65,38,"1011,8","1012,9","1010,8",0,"14,3","1,9",256,"8,1",215
06/03/2022,"10,9","12,4","9,5",72,98,49,"1012,4","1013,6","1011,2","8,3","4,8","1,2",89,"4,6",50
07/03/2022,"11,6","13,4","10,5",62,70,51,"1013,3","1014,7","1012,3",0,"10,1","1,7",103,7,75
08/03/2022,"11,1","12,4","9,5",73,92,61,"1014,8","1017,2","1013,3","1,8",5,1,236,"4,6",223
09/03/2022,"11,8","14,7","10,1",78,99,62,"1018,9","1020,6","1016,9","4,8","11,3","1,3",79,"5,6",167
10/03/2022,"12,8","15,5","10,7",78,92,64,"1018,4","1020,1","1015,7","0,3","9,3","1,6",207,"8,2",216
11/03/2022,"12,8","14,9","11,7",80,100,63,"1013,6",1016,"1011,2","2,6","7,1","1,4",127,"5,7",153
12/03/2022,"12,4","13,5","11,1",92,100,75,"1009,1","1011,4","1007,5","45,2","4,1","1,8",43,"8,5",352
13/03/2022,13,"17,5","10,5",78,93,47,"1011,4","1017,1","1008,5","0,9","10,5","1,5",59,"10,3",71
14/03/2022,"13,5","14,6","11,7",76,86,53,"1017,5",1020,"1015,7","0,2","3,9",5,73,"14,7",68
15/03/2022,"14,3",15,"13,5",86,97,81,"1020,2","1022,4","1018,4",0,"5,1","5,1",72,"13,6",79
16/03/2022,"14,3","15,6","13,6",77,93,56,"1015,6","1019,3","1012,6",0,"5,1","4,7",74,"12,4",61
17/03/2022,"14,7","16,5","13,5",68,80,51,"1016,6","1019,2","1014,1",0,"6,3","4,1",75,"12,5",100
18/03/2022,15,"16,5","13,8",55,68,44,"1020,9","1023,3","1018,3",0,"5,9",4,66,"11,7",83
19/03/2022,"12,8",14,"11,6",67,84,54,"1022,8","1023,7","1021,8","1,6","2,7","3,2",61,"11,7",71
20/03/2022,"13,1","14,8","11,8",83,100,64,"1022,9","1024,6","1021,6","0,4","10,6","2,8",72,8,90
21/03/2022,"13,3","15,7","11,8",76,97,60,"1024,6","1025,8","1023,1",0,"13,2","3,9",88,"11,6",85
22/03/2022,"12,3","14,8","9,8",64,100,46,"1025,3","1026,6",1024,"5,2","15,8","3,7",76,"10,2",78
23/03/2022,"11,7",14,"9,8",65,85,53,"1023,6","1025,3","1022,1","1,3","9,3","3,1",63,"10,2",73
24/03/2022,"12,5","13,9","10,6",60,73,43,"1021,7","1023,1","1020,6",0,"5,6","2,6",64,"8,8",86
25/03/2022,"13,5","15,9",12,61,85,37,"1018,6","1020,9","1016,7",0,"15,8","3,6",75,"11,8",77
26/03/2022,"13,4","14,6","12,6",59,72,48,"1017,4","1019,2","1016,3",1,"3,6",3,63,"10,2",66
27/03/2022,"15,4","19,5","12,5",53,68,31,"1020,4","1023,1","1018,2",0,"17,6","2,5",62,"8,5",85
28/03/2022,"15,1","18,4","12,3",51,88,30,"1018,8","1022,7",1014,0,17,"1,1",91,4,140
29/03/2022,"14,4","15,7","13,2",64,95,46,"1006,8","1014,1","1000,6",0,"8,1","2,6",68,"10,1",76
30/03/2022,"12,9","15,7","10,8",76,100,49,"998,3","1000,9","996,6","11,6","9,8","1,9",88,"8,2",34
31/03/2022,"12,7","15,2","10,7",80,100,61,"996,2","998,3","994,5","8,7","14,6","2,2",273,"6,8",72
01/04/2022,"11,7",16,"7,2",29,79,7,"1001,7","1007,1","996,5",0,"24,3","4,5",320,"15,1",338
02/04/2022,"9,8","17,5",5,40,56,13,"1007,6","1011,6","1004,6",0,"22,4","4,3",328,"14,9",321
03/04/2022,"7,9","9,2","6,7",51,72,28,"1013,3","1016,1","1010,9",1,8,"2,1",344,"7,9",309
04/04/2022,"9,4","12,9","5,4",51,69,34,"1014,4",1016,"1012,4",0,"20,2",2,61,"9,1",98
05/04/2022,"11,9","14,8","8,9",46,57,30,"1011,3","1013,9",1009,0,"21,4","1,6",116,"5,3",117
06/04/2022,14,"17,7",11,48,75,31,1008,"1010,7","1006,5",0,"20,1","1,6",216,"7,8",221
07/04/2022,"16,6",25,"10,1",49,76,19,"1010,3","1012,3","1008,4",0,"24,2","2,3",239,12,230
08/04/2022,"19,8","25,6","14,5",39,74,18,1008,"1011,2","1005,1",0,"20,5","3,1",287,"12,9",302
09/04/2022,"15,4","19,5","13,6",61,75,39,"1011,6","1017,1","1006,4",0,"19,1","2,8",132,"12,8",314
10/04/2022,"14,7","17,2","12,9",62,77,46,"1015,7",1018,"1013,5",0,"19,6",2,229,9,241
11/04/2022,"14,3","16,6","12,1",74,82,60,1012,"1013,6","1010,2",0,21,"3,1",94,"11,8",70
12/04/2022,"14,4","15,6","13,8",80,100,69,"1008,5","1010,8","1007,1",0,"5,9","4,6",78,"11,6",43
13/04/2022,"13,9",15,"13,3",92,100,59,"1009,6","1012,7",1007,8,"1,9","3,8",79,"11,8",77
14/04/2022,"17,1","21,7","13,2",51,76,29,1013,"1016,1","1011,1",0,"23,1","2,6",73,"12,1",79
15/04/2022,"20,1","24,8","14,6",45,64,30,"1015,6","1016,6","1014,6",0,23,"1,1",223,"5,6",131
16/04/2022,"20,4","26,7","16,6",55,72,30,"1013,1",1016,"1010,7",0,"24,8","1,7",189,"9,8",223
17/04/2022,"17,2",21,"15,1",62,74,44,"1013,4","1014,6","1012,1",0,"25,2","1,7",96,"8,9",85
18/04/2022,"15,8","17,9","13,8",72,90,49,"1011,8","1013,5","1010,2",0,"22,8","1,5",134,"5,6",138
19/04/2022,"15,7","19,3","13,4",68,96,44,"1007,6","1010,3","1003,7","0,3","8,3","1,2",96,"5,1",80
20/04/2022,"15,1","16,4","14,1",72,100,57,"1000,6","1003,9","998,8","1,8","5,4","4,4",73,"13,6",90
21/04/2022,"13,2","14,9","11,1",82,99,70,"999,7","1001,2","998,2","17,1","3,1","2,1",329,10,69
22/04/2022,"16,1","20,6","12,5",60,91,36,"997,5","999,2","995,7",0,"21,1","2,6",252,10,245
23/04/2022,"14,2","17,4","9,6",74,100,48,"995,6","1000,1","992,6","11,8","12,8","3,2",241,15,227
24/04/2022,"16,7","23,9","12,3",54,73,33,1004,"1009,3","999,6",0,26,3,288,"12,6",270
25/04/2022,"16,6","20,9","13,1",62,80,44,"1009,5",1011,"1008,4",0,"26,7","1,9",85,"6,9",245
26/04/2022,"17,8","22,7","12,8",55,96,32,"1010,9","1012,1","1009,5",0,"26,6","1,7",220,"7,7",211
27/04/2022,"17,8","21,1","14,9",52,68,36,1013,"1015,2","1010,9",0,"17,1","1,2",160,"5,8",235
28/04/2022,"17,9","20,5","15,8",55,70,45,"1016,8","1020,2","1014,3",0,"22,3","1,8",95,"9,7",88
29/04/2022,"19,7","24,9","15,9",52,61,36,"1019,2","1020,7","1017,9",0,"25,1","1,4",178,7,164
30/04/2022,"19,1","22,6","16,5",59,68,43,"1016,8","1018,6","1015,5","0,1","21,8","1,4",164,"7,7",210
01/05/2022,"18,4","21,2","16,6",61,72,48,1014,1016,"1012,3",0,"25,8","1,7",157,"6,9",183
02/05/2022,"17,9","20,3","16,3",58,70,43,"1010,4","1012,3",1009,"0,3","16,7","1,8",84,"5,7",73
03/05/2022,"16,4","19,5","14,9",74,87,53,"1010,9","1013,3","1008,9","1,3","15,4","2,2",77,"8,2",93
04/05/2022,"16,7","19,4","14,5",70,79,55,"1013,5","1015,2","1012,2",0,"12,1","1,7",64,"6,8",106
05/05/2022,"17,8","23,3","14,6",63,83,39,"1014,9","1017,1","1013,3","2,9","19,9","1,8",254,"7,5",338
06/05/2022,"18,5","22,4",15,51,72,30,"1015,2","1016,8","1013,8",0,29,"1,8",203,"7,5",171
07/05/2022,"19,1","24,1","15,8",53,79,32,"1015,2","1016,3","1014,2",0,"26,2","1,8",203,"7,8",297
08/05/2022,"19,7","24,1","16,1",51,72,34,"1015,7","1018,1","1014,3",0,"25,8","1,3",162,"6,6",83
09/05/2022,"19,8","23,1","16,9",55,73,37,"1018,6","1020,1","1016,9",0,"26,1","1,4",132,5,132
10/05/2022,"20,7","24,6","16,5",49,73,32,"1018,5","1019,7","1017,2",0,"27,6","2,3",231,"9,6",212
11/05/2022,"20,1","24,3","16,7",59,81,38,"1017,4","1018,7","1016,6",0,"28,9","2,8",242,"10,5",258
12/05/2022,"19,9",24,"16,8",60,80,31,"1018,2","1019,5","1017,3",0,"28,3","1,5",180,"6,7",132
13/05/2022,"19,1","21,5","16,2",64,81,47,"1017,6","1018,9","1016,7",0,"28,2","1,6",107,"6,9",85
14/05/2022,"21,9","25,9","17,6",50,81,30,"1015,1","1016,8","1013,6",0,"26,9","1,5",198,"5,8",206
15/05/2022,"22,6","27,6","19,2",48,72,31,"1013,2","1014,6","1012,3",0,"26,6","1,4",199,"6,6",215
16/05/2022,"21,7","27,2","19,2",59,90,26,"1015,1","1016,8","1013,1",0,"27,3","1,6",138,"6,1",141
17/05/2022,21,"24,1","18,6",79,98,58,"1014,8",1016,"1013,2",0,"28,4","1,6",144,"5,3",108
18/05/2022,"23,6","27,8","19,9",73,99,45,"1015,1","1016,4","1014,1",0,"28,1","1,3",146,"5,2",166
19/05/2022,22,24,"20,3",79,100,53,"1018,9","1020,8","1016,2",0,"27,2",2,90,"6,4",131
20/05/2022,"23,3","26,2","20,7",61,89,45,"1020,4",1022,1019,0,28,"1,4",114,"5,2",105
21/05/2022,"25,3","31,4",20,51,95,16,"1015,8","1019,2","1011,9",0,"27,3","2,2",204,10,222
22/05/2022,26,"33,4","20,7",42,73,13,"1007,8","1011,9","1004,4",0,"28,9","2,3",247,"10,8",251
23/05/2022,"22,5","24,5","20,8",66,75,51,"1004,3","1006,3","1002,3",0,"27,3",2,153,"7,8",73
24/05/2022,"19,4",22,"15,2",76,100,56,"1006,7","1009,2","1005,4","11,8","7,7","2,3",128,"7,8",89
25/05/2022,"18,6","22,3","14,5",61,96,38,"1012,4","1016,3","1008,6","4,2","9,8","1,9",301,"9,1",326
26/05/2022,"22,5","25,8","18,6",40,56,25,"1016,5","1017,9","1015,5",0,"29,9",2,251,"6,6",167
27/05/2022,"23,6","27,4","20,2",49,59,39,1014,"1015,7","1012,2",0,"23,3","1,5",217,"6,3",222
28/05/2022,24,30,"20,5",56,85,28,1008,"1012,5","1004,9",0,"29,8","1,8",81,"7,1",174
29/05/2022,"21,1","24,7","19,6",65,97,47,"1003,9",1005,"1002,5",0,"29,8",2,111,7,104
30/05/2022,21,"23,3","19,6",51,65,37,"1004,6","1008,6","1001,4",0,"28,2",2,79,"6,6",88
31/05/2022,"21,4","24,5","19,5",59,88,35,"1009,9","1012,4","1007,2",0,"30,1","1,8",109,"6,2",129
01/06/2022,"22,6","26,1","18,9",73,100,50,"1010,8","1012,4","1009,3",0,"29,9","1,9",208,"6,4",168
02/06/2022,"21,4","23,8","19,3",75,100,59,1010,1012,"1008,3",0,"24,8","2,5",93,"7,5",83
03/06/2022,"21,8","27,6","19,2",82,100,40,"1009,7","1011,2","1007,8",0,"25,6",2,118,"6,7",129
04/06/2022,"22,6","26,5","20,2",79,99,46,"1010,4","1011,9","1009,1",0,"28,4","1,8",139,"6,6",142
05/06/2022,"23,6","26,8","21,1",70,98,50,"1013,8","1016,9","1010,8",0,"29,7",2,150,"7,2",203
06/06/2022,"24,6","27,9","21,3",62,88,43,"1014,6","1016,6",1012,0,"29,3","2,1",212,"9,1",261
07/06/2022,"24,1","27,4","21,9",64,74,49,"1013,4","1014,7","1011,6",0,"28,5","2,1",141,"8,8",208
08/06/2022,"23,3","26,7","21,8",67,81,55,1010,"1012,5",1008,0,"18,7","1,9",173,"7,9",94
09/06/2022,"22,5","24,5","21,2",66,73,49,"1013,5","1016,3","1011,4",0,29,"2,4",189,"7,3",133
10/06/2022,"23,8","27,2","20,2",68,79,55,"1015,5","1016,9",1014,0,"30,1","2,3",239,"8,2",200
11/06/2022,"25,5","29,1",22,58,75,36,"1016,6","1018,3","1015,5",0,"30,2","1,7",171,"7,1",155
12/06/2022,"27,5","31,5","23,3",46,61,32,"1015,9","1017,4",1013,0,28,"1,7",195,"7,6",250
13/06/2022,"28,1","32,7","23,1",41,73,25,"1013,9",1016,"1012,3",0,"29,1","1,8",219,"7,4",251
14/06/2022,"26,3",28,"24,1",43,63,27,"1012,3","1013,6","1011,1",0,"21,6","1,8",165,"7,7",291
15/06/2022,27,"31,7","24,6",51,75,26,"1012,9","1014,8","1009,8",0,"24,3","1,9",160,8,258
16/06/2022,"28,3",34,"24,1",53,71,22,"1014,2","1015,1","1013,6",0,29,"1,5",192,"6,4",279
17/06/2022,"30,5","33,1","27,1",31,39,21,"1014,6","1015,9","1013,5",0,"27,7","1,4",187,6,181
18/06/2022,"26,5","29,6","23,4",63,95,32,"1012,6","1014,3",1010,0,28,"2,5",83,"6,9",87
19/06/2022,"25,5","27,5","23,4",76,93,66,"1008,2","1010,4","1006,6",0,27,"3,2",78,"8,4",83
20/06/2022,"25,6","28,4","23,6",71,81,58,"1007,6","1009,2","1006,4",0,"24,9","1,9",123,"6,6",155
21/06/2022,"26,1","30,5","21,5",69,97,42,"1006,9","1010,5","1005,3","4,5",14,2,218,"14,4",321
22/06/2022,"24,5","28,5","21,8",74,91,58,"1006,4","1008,2","1004,2","0,9","22,1","2,1",155,"7,7",222
23/06/2022,"25,5","28,9","23,2",65,91,45,"1007,7","1008,8","1006,2",0,"28,5","2,6",218,"9,2",233
24/06/2022,"25,6","30,9","22,4",57,81,26,"1008,8",1011,"1007,6",0,"30,3","2,7",80,"9,5",100
25/06/2022,"24,4","27,3","21,6",74,98,57,"1008,1","1010,2",1006,0,"30,3",2,107,"6,4",171
26/06/2022,"24,3","26,4",23,79,98,66,"1006,9","1008,5","1005,4",0,"27,8","2,4",96,9,110
27/06/2022,"24,9",28,"22,8",65,95,42,"1010,8",1014,"1007,7",0,"21,6","2,4",129,"9,8",6
28/06/2022,"25,3","28,7","21,5",52,73,40,1012,"1013,6","1009,4",0,"29,6","2,5",247,"10,4",223
29/06/2022,"25,1","29,1","22,1",66,79,51,"1010,2","1012,9","1007,5",0,"29,9","2,2",210,9,206
30/06/2022,"25,4","29,3","22,8",61,83,40,"1008,8","1012,3","1007,3",0,"27,6","2,5",203,"9,5",69
01/07/2022,"23,4","25,3","22,3",57,70,44,"1014,1","1016,8","1011,3",0,26,2,134,"7,4",128
02/07/2022,"24,2","26,6","21,6",58,67,35,"1015,4","1016,5","1014,3",0,"27,3","1,7",141,"6,1",76
03/07/2022,"25,6",29,"22,9",57,78,28,"1013,8","1015,4","1010,1",0,"26,3","1,6",123,"6,8",64
04/07/2022,"26,8","31,5","24,2",50,75,19,"1012,8","1014,2","1011,6",0,"28,8","1,7",100,"6,4",98
05/07/2022,27,"30,6","24,1",54,79,40,"1014,9","1018,9","1013,1",1,"26,6","1,7",141,10,24
06/07/2022,"26,3","29,8","23,2",56,71,44,"1015,7","1018,2","1014,1","1,2","12,2","2,1",307,"11,2",303
07/07/2022,"26,6","30,4","22,8",51,63,38,"1016,5","1017,4","1015,4",0,"29,2","2,3",253,"7,7",237
08/07/2022,"26,3","28,7","23,5",52,70,41,"1017,7","1018,9","1016,3",0,"29,7","2,2",184,"8,4",220
09/07/2022,"26,4","28,6","23,9",56,68,39,"1017,2","1018,8","1015,4",0,"29,6","1,8",176,"7,8",181
10/07/2022,"27,5","31,2","24,3",51,64,32,"1013,6","1015,6","1012,2",0,"29,7","1,9",183,"8,5",206
11/07/2022,"26,7","28,9",25,55,77,38,"1012,6","1014,3","1010,8",0,"29,7","1,9",146,"6,4",136
12/07/2022,"26,6","28,2","24,8",63,79,41,"1015,3","1016,6","1013,4",0,"28,9",2,130,"5,9",82
13/07/2022,"27,9","31,1","26,2",57,84,31,"1016,3","1017,3","1014,9",0,"29,2","2,1",170,"7,1",122
14/07/2022,"28,5","32,7",25,53,76,34,"1015,2",1017,"1013,1",0,"28,7","1,9",216,"6,7",194
15/07/2022,"30,8",35,"25,8",37,50,27,1012,"1013,2","1011,1",0,"28,8","1,6",212,"6,9",222
16/07/2022,"29,4","31,5","27,4",42,53,29,"1012,7","1013,6","1011,3",0,"28,4","1,4",146,"5,9",99
17/07/2022,"28,2","30,6",26,49,73,32,"1014,4","1015,5","1012,5",0,"28,3","1,6",117,"6,4",118
18/07/2022,"26,3","28,6","24,8",75,91,61,"1014,6","1015,8","1013,2",0,"28,1","1,9",102,"5,7",143
19/07/2022,"27,1","29,8","24,3",74,91,48,1013,"1013,9","1011,4",0,"28,3","1,6",145,"6,7",168
20/07/2022,"27,6","29,6","26,1",65,77,45,"1014,8","1016,5","1012,3",0,"27,4","2,1",85,"7,5",102
21/07/2022,"28,6","32,1","25,8",57,70,45,"1014,8","1016,4","1013,1",0,"27,8","2,2",236,"9,7",222
22/07/2022,"29,1","33,4","25,3",59,76,41,"1012,4","1013,9","1010,9",0,"27,9","2,4",240,10,204
23/07/2022,"27,3","29,3","25,7",77,92,65,"1014,3","1015,5","1013,1",0,"21,4","2,2",132,"7,4",151
24/07/2022,"28,9","32,7","25,8",69,97,43,"1012,7","1014,6","1010,5",0,"28,3","2,2",222,"8,8",258
25/07/2022,"27,7","29,5","26,4",66,82,49,"1011,6","1012,8","1010,5",0,"18,8","2,4",122,8,76
26/07/2022,"27,3","29,4","25,8",65,80,42,1011,"1012,3","1009,3",0,"24,2","2,8",219,"9,4",187
27/07/2022,"26,3","28,8","23,4",72,100,57,"1009,7","1011,4","1007,4","2,9","13,4","2,2",201,"7,7",159
28/07/2022,"27,4","31,2","24,1",69,100,51,"1009,3","1010,9","1008,1","2,6","19,3","1,9",190,"7,7",233
29/07/2022,"26,7","29,4","25,1",68,75,55,"1011,8","1014,7","1009,4","0,3","16,8","2,2",79,"10,2",93
30/07/2022,"27,4","31,4","24,5",56,74,38,"1014,7","1016,5","1013,7",0,"23,8","2,1",197,"8,4",228
31/07/2022,"28,9","32,6","25,7",53,68,36,"1013,7","1015,9","1012,3",0,"27,2","2,1",211,"7,9",205
01/08/2022,"30,3","34,3","26,6",46,61,29,"1012,3","1013,3","1011,1",0,"27,4","2,1",215,"8,2",202
02/08/2022,"30,6","34,2","28,3",48,59,32,"1011,4","1012,3","1010,1",0,"27,3","2,3",233,"8,5",197
03/08/2022,"30,2","33,2","27,3",48,59,37,"1010,1","1011,5","1009,3",0,"27,5","2,3",247,"7,9",238
04/08/2022,"29,7","33,3","27,1",56,81,38,"1010,6","1011,5","1009,8",0,"27,2","2,2",224,"8,4",186
05/08/2022,"27,8",32,"20,2",62,100,43,"1011,6","1014,1","1010,5","10,7","22,2","2,1",187,13,46
06/08/2022,"29,3","33,2",25,50,72,34,"1012,2","1013,5",1011,0,"25,7","1,9",206,"8,6",227
07/08/2022,"28,9","31,9","26,8",49,65,38,"1011,3","1012,8","1009,6",0,"23,1","1,8",84,"7,7",318
08/08/2022,"28,4","31,4","25,6",51,67,37,"1012,2","1013,2","1010,5",0,"26,7","1,7",134,"6,9",103
09/08/2022,"28,7","31,5","26,6",59,77,39,"1013,5","1014,7","1012,4",0,"26,5","1,9",139,"6,5",79
10/08/2022,"29,9","33,5",26,49,63,30,"1012,1","1013,4","1010,6",0,"26,5","2,2",235,"9,2",260
11/08/2022,"29,5","32,7","26,2",53,66,34,"1011,5","1012,3","1010,5",0,26,"1,9",217,"6,8",202
12/08/2022,30,"33,6","26,9",60,72,45,"1008,6","1011,3","1006,6",0,"25,6","2,9",252,"10,5",264
13/08/2022,"29,1","32,2","27,2",68,87,41,1007,"1008,3","1005,6",0,"20,6","1,9",131,7,76
14/08/2022,"29,7","35,5","26,5",53,78,24,"1004,2","1006,6","1002,4",0,"21,1","2,8",159,"12,5",319
15/08/2022,"27,4","29,6","25,8",58,66,43,"1004,4",1006,"1003,5",0,"25,6","2,3",96,"8,7",92
16/08/2022,"27,3",30,"25,1",68,83,53,"1004,3","1005,8","1002,8",0,17,"1,6",123,"6,2",103
17/08/2022,"26,1","29,8","20,9",65,97,46,"1004,6","1008,8","1003,1","4,1","16,7","2,2",59,"9,4",251
18/08/2022,"22,7",27,"20,4",62,89,40,"1009,3","1012,7","1005,9","5,6","15,8","2,1",316,"8,7",315
19/08/2022,"24,6",29,"20,4",54,69,33,"1013,8","1015,7",1012,0,"26,3","1,8",104,6,359
20/08/2022,"26,9",31,"23,4",59,69,38,"1013,6","1015,3","1011,5",0,"25,9","2,3",260,"9,6",212
21/08/2022,"26,4","30,5","21,6",70,88,58,"1010,9","1012,9","1008,4","5,4","19,4","1,7",143,"12,1",24
22/08/2022,"26,3","28,8","24,6",68,82,54,"1009,6","1010,4","1008,8",0,"21,3","1,7",118,"6,7",163
23/08/2022,"27,3","30,4","24,3",65,76,50,"1010,2","1011,5","1008,8",0,"25,1",2,205,"8,8",217
24/08/2022,"28,1","31,9","25,6",65,77,46,"1010,6","1012,6","1009,4",0,"23,7","2,1",213,"7,6",225
25/08/2022,"27,4","29,4","24,8",62,80,45,"1010,7","1012,5","1008,4","0,4","21,6","2,5",1,"9,2",347
26/08/2022,"27,9","32,6",24,52,64,34,"1009,6","1011,2","1007,6",0,"21,5","1,9",246,"8,1",253
27/08/2022,"27,7","30,4","25,8",63,71,51,"1008,1","1009,4","1007,1",0,20,"2,1",231,"8,3",203
28/08/2022,"27,8","31,5","24,5",63,72,48,"1009,8","1011,9","1008,6",0,"21,7","2,5",269,"10,3",229
29/08/2022,28,"31,1","24,8",61,76,41,"1012,1","1013,9",1011,0,19,"2,1",273,"9,9",227
30/08/2022,"28,5","32,1","25,6",64,80,55,1012,"1013,8","1009,6",0,"21,9","2,1",250,"10,6",244
31/08/2022,25,"30,9",18,76,100,43,"1011,6","1014,3","1010,5","32,7","9,8","1,8",74,"15,6",343
01/09/2022,26,"29,6","21,5",60,72,37,"1010,2","1011,6","1008,7",0,"23,5","1,4",180,"6,1",197
02/09/2022,"26,4","29,4","24,1",66,83,50,"1007,6","1009,3","1005,8",0,"16,9","1,7",75,"9,3",78
03/09/2022,"25,6","28,3","23,3",70,83,55,"1008,7","1010,3","1007,4",0,"17,3","2,4",67,"8,3",114
04/09/2022,"26,3","28,8","23,8",75,82,59,"1012,7",1015,"1010,2",0,"20,5","1,9",79,"6,3",115
05/09/2022,27,"29,4",25,77,95,61,"1014,1","1015,7","1012,7",0,"16,1","1,8",80,"6,5",61
06/09/2022,"27,8","31,7","25,1",69,84,52,"1011,5","1013,3","1009,7",0,"22,3","1,9",213,"9,2",248
07/09/2022,"26,7","29,8",24,70,80,57,"1009,3","1011,4","1007,6",0,"18,7",2,155,"7,7",77
08/09/2022,"26,4","29,2",25,52,70,33,"1010,5","1012,4","1008,1",0,"14,5","2,1",172,7,228
09/09/2022,"25,4","27,8","23,6",59,68,45,"1013,1","1015,9","1011,1",0,"15,6","2,5",72,"8,3",85
10/09/2022,"25,7","28,6","22,7",62,74,54,"1014,7","1016,6",1013,0,"19,4","1,7",211,"8,2",172
11/09/2022,"26,4","28,2","25,4",73,84,66,"1012,2","1013,8","1010,3",0,14,"1,6",99,"6,4",72
12/09/2022,"27,3","30,1","24,9",72,79,61,"1009,1",1011,"1007,4",0,"18,9","1,7",187,"6,8",166
13/09/2022,"27,9",32,"25,7",58,91,33,"1007,1","1008,6",1005,"0,1","9,5",2,14,"11,1",304
14/09/2022,"25,6","27,5",22,61,75,47,"1005,4","1007,1","1003,3","0,6","6,4","2,4",301,"16,8",319
15/09/2022,"26,2",29,"22,8",63,75,52,"1007,4","1009,1","1005,7",0,"21,3","1,8",125,"6,5",176
16/09/2022,"24,7","27,4","21,3",70,100,55,1008,"1009,8","1006,1","5,2","11,2","1,9",142,"7,7",87
17/09/2022,"23,1","26,1","21,2",57,86,38,"1010,2","1012,9","1007,7",0,"15,2",2,134,"7,2",172
18/09/2022,"22,4","24,8","20,1",51,67,35,"1012,9","1014,1","1011,8",0,"20,2","1,8",129,7,201
19/09/2022,"23,1",26,"20,4",64,75,51,"1012,2","1013,1","1011,1",0,"19,9","1,4",119,"5,9",69
20/09/2022,"22,9",25,"21,5",63,73,53,"1013,8","1015,1","1012,7",0,"17,5","1,6",98,6,142
21/09/2022,"22,5","24,8","20,8",59,77,48,"1014,2","1015,1","1012,8",0,"19,2","2,1",70,7,77
22/09/2022,"22,5","25,1","20,6",56,66,45,"1014,8","1015,9","1013,6",0,"19,1","2,4",68,"7,8",89
23/09/2022,"22,8","26,1","17,1",66,100,51,"1013,3","1015,5","1009,5","8,7",15,2,201,"12,6",310
24/09/2022,"20,4","22,7","16,8",74,100,57,1009,"1010,8","1007,5","4,4","9,5","2,5",65,"7,9",76
25/09/2022,"20,3","23,2","17,5",56,72,45,"1009,2","1010,2","1008,3",0,"17,5","1,9",53,"6,3",154
26/09/2022,"21,3","25,6","17,2",45,65,28,"1007,9","1009,7","1006,2",0,"19,3","2,3",293,"10,9",300
27/09/2022,"20,5","24,9","16,7",49,67,35,"1006,8","1008,5","1005,2",0,"15,6","2,1",317,10,309
28/09/2022,"21,4","26,4","17,3",48,70,32,"1003,5","1007,7","1000,3",0,"12,8","2,8",299,"9,9",317
29/09/2022,"19,9",25,"17,1",57,76,33,"999,7","1001,9","997,7",0,"15,2","2,6",20,"11,7",337
30/09/2022,"18,8",22,"15,9",55,72,36,"1007,7","1015,1","1001,6",0,"18,2","2,3",288,9,212
01/10/2022,"20,4","25,2","16,1",50,68,33,"1019,7",1023,1015,0,19,"2,1",286,"7,7",255
02/10/2022,"22,4","27,5","18,4",57,74,32,1021,"1023,1","1018,8",0,"18,6","2,3",259,"10,4",257
03/10/2022,"21,7","24,5",19,69,77,58,"1017,4","1019,5","1015,8",0,"17,2","1,3",193,"6,2",162
04/10/2022,"21,7","24,7","19,6",67,82,44,"1017,5","1019,7","1015,2",0,18,"1,4",85,"5,1",122
05/10/2022,"21,4","23,8","18,8",72,82,62,"1020,5","1022,6",1019,0,"17,2","1,7",66,"6,2",93
06/10/2022,"21,6",24,"19,9",67,74,59,"1022,7","1024,3","1021,6",0,"14,5","2,6",59,"11,4",62
07/10/2022,20,"21,5","18,1",77,100,61,"1018,1","1021,8","1015,3","12,1","2,5","1,9",43,"8,9",54
08/10/2022,"20,3","21,9",19,76,93,64,"1015,4","1016,5","1014,3",0,"12,1",2,63,"7,5",99
09/10/2022,"20,3","22,2",18,75,89,62,1014,"1015,6","1012,3",0,"11,8","1,3",133,5,131
10/10/2022,"20,9","22,9","19,3",79,91,68,"1014,5","1016,2",1013,0,"13,6","1,6",87,"5,6",80
11/10/2022,"20,3","22,8","18,4",76,85,65,"1015,9",1017,"1014,9",0,"8,6","2,1",55,"7,5",76
12/10/2022,21,"24,2","18,7",65,77,45,"1016,9","1019,4","1015,3",0,"15,8","1,5",62,"5,7",88
13/10/2022,"22,2",26,19,63,79,47,"1017,8","1019,1","1015,9",0,"15,1","1,9",252,"8,9",262
14/10/2022,"21,6","24,9","18,8",73,100,48,"1016,1","1017,5","1014,8",0,"15,5","1,4",77,"5,8",77
15/10/2022,"22,2","25,9","18,7",82,100,61,"1012,5",1015,"1010,5",0,"14,7","1,6",242,"7,5",183
16/10/2022,"22,4","25,2","20,1",82,94,68,"1014,8","1018,3","1011,9",0,"12,8","1,2",117,"4,9",144
17/10/2022,"22,5","24,6","21,2",89,100,77,"1020,6","1023,2","1017,9",0,"9,9","2,1",70,"7,4",100
18/10/2022,"22,3","25,1","20,5",88,100,64,"1021,6","1023,4","1019,8",0,"13,4","1,2",89,"4,8",125
19/10/2022,"22,4","25,2","20,4",85,100,68,"1016,2",1020,"1013,7",0,"9,2","1,2",212,"5,7",284
20/10/2022,"22,8",25,"21,1",81,100,59,1013,"1014,5",1011,0,"6,1","1,1",102,"6,8",332
21/10/2022,"23,4","26,5","21,2",65,72,54,"1010,6","1012,2","1009,2",0,"12,9",2,256,"9,1",228
22/10/2022,"22,9","26,9","20,5",50,62,33,"1012,5","1014,1",1011,0,"10,6","1,5",260,7,310
23/10/2022,"22,8","26,4","20,9",70,87,52,"1012,2","1013,6","1010,6",0,"6,8",1,218,5,254
24/10/2022,"23,6","27,7","20,5",57,88,35,"1013,2","1015,2","1011,7",0,"12,2","1,6",253,"7,8",315
25/10/2022,"22,6","25,7","20,2",68,93,43,"1013,9","1015,2","1012,8",0,"12,2","1,3",207,"5,2",196
26/10/2022,"22,2",26,"20,1",86,100,51,1016,"1019,2","1013,3",0,"11,7",1,147,"4,3",164
27/10/2022,"20,2","21,8","18,8",90,100,64,"1020,8","1022,4","1018,5",0,"10,6","1,8",82,"5,9",95
28/10/2022,"19,3","22,8","17,2",94,100,67,1022,"1023,5","1021,1",0,"10,6","1,3",83,"4,2",134
29/10/2022,"18,7",21,"17,1",85,100,56,"1019,5","1021,3","1017,8",0,"6,6",1,71,"3,9",143
30/10/2022,"19,8",23,"16,9",83,100,60,"1017,2","1018,1","1016,3",0,10,1,64,"4,1",120
31/10/2022,"20,9","23,4","18,2",82,95,62,"1016,3","1017,2","1015,1",0,"9,2","1,1",184,"5,1",208
01/11/2022,"20,4","24,6","18,5",76,94,45,"1018,3","1020,2","1015,9",0,"12,5","1,5",87,"7,3",86
02/11/2022,"19,5","21,8","17,9",68,80,46,"1019,9","1022,4","1017,1",0,11,"1,3",100,"5,7",80
03/11/2022,"20,2","23,6","17,5",67,83,50,"1011,9","1017,3","1008,8",0,"6,2","1,9",265,"10,3",313
04/11/2022,"17,1",22,"13,5",42,56,24,"1010,2","1012,9","1008,2",0,"12,7","4,2",311,"14,7",343
05/11/2022,"16,1","20,3","13,2",44,59,25,"1014,7","1016,3","1012,2",0,"12,5","2,1",292,"11,3",319
06/11/2022,"17,2","21,7","12,3",53,77,31,"1013,8","1016,7","1011,2",0,"12,3","1,1",270,"6,4",231
07/11/2022,"17,7","21,9","14,1",67,82,38,"1015,7","1017,7","1013,9",0,"9,4","0,9",247,"5,5",231
08/11/2022,"18,4","22,7","15,1",77,95,60,"1012,3","1013,9","1010,7",0,"10,1","1,2",248,"7,7",233
09/11/2022,"19,4","24,2","15,5",65,100,39,"1012,6",1017,"1010,9","14,5","6,6","1,5",318,"8,2",321
10/11/2022,"17,5","20,6","15,1",74,100,52,"1020,4",1024,"1016,9","10,5","10,7","1,3",62,"6,3",162
11/11/2022,"18,7","20,8","15,4",68,86,50,"1024,3","1025,8","1022,8",0,"8,9","2,6",57,"9,6",84
12/11/2022,"18,7",21,"17,2",79,90,67,"1023,4","1025,7","1019,7",0,"9,2","1,9",69,"7,8",80
13/11/2022,"17,7","20,3","15,1",79,95,63,"1016,7","1019,8","1014,7",0,"10,4","1,3",174,"5,2",155
14/11/2022,"18,9","21,7","16,8",77,100,62,"1013,1",1015,"1011,3","0,4","7,9","1,4",242,"9,7",257
15/11/2022,"19,2","22,5","17,1",60,73,42,"1006,6","1011,4","1003,5",0,"6,1","1,6",255,"10,2",260
16/11/2022,"18,9","21,6","17,6",55,72,36,"1002,7","1004,9",1001,0,"9,4",2,269,"8,7",305
17/11/2022,"20,2","23,3","17,9",53,63,37,"1000,6","1002,2","998,8",0,"5,2","2,2",274,"10,7",289
18/11/2022,"15,9","19,2","12,2",60,78,41,"1004,7","1006,5",1002,1,"4,2","1,8",17,"8,7",316
19/11/2022,"13,3","17,5","10,4",54,82,36,"1007,6","1011,7","1005,4","1,9","9,9","2,3",327,"8,9",329
20/11/2022,"13,2","17,3",9,49,62,29,"1013,6","1015,4","1011,5",0,"10,6","1,3",304,"7,4",308
21/11/2022,"14,4","16,5",12,59,75,51,"1005,4","1015,2","997,7","0,2","2,6","1,7",290,12,295
22/11/2022,"12,6","14,8",10,47,60,36,"1004,4","1007,3","1000,4",0,"6,7","4,7",297,"15,7",309
23/11/2022,"16,4","22,8","12,7",63,75,45,"1005,1","1012,3","1001,1",0,"7,2","1,4",290,"8,2",299
24/11/2022,"16,4","18,9","13,7",64,97,50,"1013,8","1016,6","1012,2","3,1","6,4","1,1",235,"5,9",207
25/11/2022,"15,9","19,8","12,6",62,74,45,"1016,4","1021,8","1012,2",0,"6,9","1,7",278,9,79
26/11/2022,"14,3","19,8","10,7",46,58,25,"1023,2","1024,8","1021,7",0,"8,4","1,2",273,"5,7",333
27/11/2022,"14,1","17,2","10,5",63,79,46,"1019,8","1023,7","1013,5",0,"8,5","0,9",251,"6,4",216
28/11/2022,"13,3","15,3","11,5",67,78,54,"1011,3","1013,5","1009,2","0,8","3,8","1,5",295,8,339
29/11/2022,"13,1","17,2","10,1",57,73,39,1013,"1014,2","1011,8",0,"9,1","1,6",310,"9,2",311
30/11/2022,"12,6","15,6","9,8",65,74,53,"1012,9","1014,3",1012,0,"7,1",1,359,5,219
01/12/2022,"12,3","15,1","9,8",56,77,42,"1012,9","1014,2","1011,8",0,"6,8","1,7",45,"6,8",76
02/12/2022,"11,1","14,7","9,2",51,60,39,"1010,7","1013,7","1006,8",0,"6,1","1,6",26,"5,9",14
03/12/2022,"11,3","15,3","6,9",54,77,35,"1004,6","1007,2","1002,9","0,7",9,"1,3",288,"7,6",230
04/12/2022,11,"13,9","8,8",60,92,38,"1007,3","1012,6","1004,4","1,6","4,4","1,6",314,"6,2",305
05/12/2022,"11,5","14,4","7,8",62,79,44,"1013,4","1015,5","1011,9",0,"8,2","1,4",55,"5,3",82
06/12/2022,"12,8","15,4","11,2",74,90,61,"1011,7",1013,"1010,8",0,7,"0,9",315,"3,8",310
07/12/2022,"12,9","16,3","10,1",75,97,54,"1009,8","1011,6","1007,5",0,"5,6","0,7",196,"4,5",305
08/12/2022,"13,3","15,3","11,6",86,100,70,"1002,9","1007,5","996,5",11,"2,6","0,8",60,"3,5",77
09/12/2022,"15,7","20,1","12,8",74,100,44,"995,8",997,"994,8","0,1","8,7","1,4",291,6,305
10/12/2022,"12,4","15,7","7,2",56,80,33,1001,"1006,2","995,8","0,3","7,4","2,6",318,11,307
11/12/2022,"9,6",12,"7,1",54,88,35,"1003,7",1006,"1001,4",0,"3,2","1,4",333,"10,1",336
12/12/2022,"9,6","12,3","7,5",77,100,54,"1003,1","1008,5","997,5","9,3","3,5","1,7",309,"7,7",314
13/12/2022,"13,5","15,7","11,4",88,100,69,"998,9","1001,3","995,2",2,"2,7","0,8",80,"7,8",309
14/12/2022,"14,4","17,6","12,9",89,100,64,"998,8","1001,8","994,3","1,2","8,1","1,4",67,"6,8",73
15/12/2022,"15,3","18,9","12,9",76,100,50,"994,2","997,4","991,9","2,5","6,5","1,7",300,"7,9",320
16/12/2022,"14,4","17,4",12,62,76,47,"1003,1",1010,"997,1",0,"7,9","2,1",310,"9,7",270
17/12/2022,"12,8","14,4","11,8",80,100,67,"1014,8","1019,7","1009,5","0,8","3,6",1,48,"3,9",81
18/12/2022,"12,7","16,1","9,5",76,91,58,"1023,4","1025,4","1019,7",0,"8,1","1,1",248,5,223
19/12/2022,"14,2","17,7","11,3",86,100,62,"1024,3","1026,1","1022,6",0,"7,2","1,1",239,"7,4",227
20/12/2022,"14,5","16,9",12,84,100,63,"1019,1","1022,7","1016,4",0,"6,5","1,4",251,"7,6",232
21/12/2022,"15,4","19,6","12,8",67,94,44,"1016,7","1018,4","1014,5","1,1","8,1","1,9",304,"8,3",310
22/12/2022,"16,1","20,1","12,8",61,74,48,"1018,5","1020,4","1017,3",0,"7,5","1,9",271,"8,7",279
23/12/2022,"18,4",23,"14,7",56,70,40,"1016,9","1018,4","1014,8",0,"8,4","2,5",284,"11,2",294
24/12/2022,17,"21,1","14,8",56,65,42,"1015,5","1017,1","1014,1",0,"8,6","2,2",273,"11,8",356
25/12/2022,"15,1","19,6","11,7",69,100,41,"1015,8","1018,5",1014,0,"8,7","1,7",267,"6,6",247
26/12/2022,"16,1","22,7","12,1",65,100,29,"1021,8","1025,6","1018,4",0,7,"1,1",279,"8,1",317
27/12/2022,"14,7","18,8","11,4",73,100,50,"1025,6","1027,5","1024,3",0,"8,4","0,9",239,"5,2",241
28/12/2022,"13,4","17,6","10,6",73,81,60,"1020,6","1024,4","1017,7",0,"8,6","1,7",252,"6,8",244
29/12/2022,"14,5","19,1","10,8",59,78,39,"1016,5","1017,9","1014,8",0,"6,7","1,7",273,"6,5",286
30/12/2022,"16,3","19,2","13,2",57,69,45,1017,"1020,2",1015,0,"5,3","2,3",278,"10,1",306
31/12/2022,"17,2","21,7","13,7",57,88,35,"1020,7","1022,6","1019,2",0,"8,7","1,9",256,"10,2",300